participant_id,condition,session_id,window_start_sec,window_end_sec,server_time_ms,score,state,action,action_changed,qa,pupil_valid_frac,gaze_valid_frac,blink_rate_per_min,n_samples_window
ID01,single,ID01_ET_0,0.0,10.0,1772207238831,0.5107509093922529,MEDIUM,REDUCE_CLUTTER,True,"{'n_samples_window': 609, 'pupil_valid_frac': 0.9195402298850575}",0.9195402298850575,0.9195402298850575,18.0,609
ID01,single,ID01_ET_0,1.0,11.0,1772207238942,0.5076061860786275,MEDIUM,REDUCE_CLUTTER,False,"{'n_samples_window': 609, 'pupil_valid_frac': 0.8752052545155994}",0.8752052545155994,0.8752052545155994,30.0,609
ID01,single,ID01_ET_0,2.0,12.0,1772207239049,0.481145689197708,MEDIUM,REDUCE_CLUTTER,False,"{'n_samples_window': 609, 'pupil_valid_frac': 0.8604269293924466}",0.8604269293924466,0.8604269293924466,30.0,609
ID01,single,ID01_ET_0,3.0,13.0,1772207239159,0.47048172039402186,MEDIUM,REDUCE_CLUTTER,False,"{'n_samples_window': 609, 'pupil_valid_frac': 0.8587848932676518}",0.8587848932676518,0.8587848932676518,30.0,609
ID01,single,ID01_ET_0,4.0,14.0,1772207239267,0.4639714269984264,MEDIUM,REDUCE_CLUTTER,False,"{'n_samples_window': 609, 'pupil_valid_frac': 0.8144499178981938}",0.8144499178981938,0.8144499178981938,36.0,609
ID01,single,ID01_ET_0,5.0,15.0,1772207239374,0.4640459592880207,MEDIUM,REDUCE_CLUTTER,False,"{'n_samples_window': 609, 'pupil_valid_frac': 0.7881773399014779}",0.7881773399014779,0.7881773399014779,36.0,609
ID01,single,ID01_ET_0,6.0,16.0,1772207239485,0.45613083866795057,MEDIUM,REDUCE_CLUTTER,False,"{'n_samples_window': 608, 'pupil_valid_frac': 0.7598684210526315}",0.7598684210526315,0.7598684210526315,42.0,608
ID01,single,ID01_ET_0,7.0,17.0,1772207239592,0.45471533532415775,MEDIUM,REDUCE_CLUTTER,False,"{'n_samples_window': 608, 'pupil_valid_frac': 0.7319078947368421}",0.7319078947368421,0.7319078947368421,48.0,608
ID01,single,ID01_ET_0,8.0,18.0,1772207239699,0.454141482396306,MEDIUM,REDUCE_CLUTTER,False,"{'n_samples_window': 609, 'pupil_valid_frac': 0.7192118226600985}",0.7192118226600985,0.7192118226600985,54.0,609
ID01,single,ID01_ET_0,9.0,19.0,1772207239809,0.43870665893599997,MEDIUM,REDUCE_CLUTTER,False,"{'n_samples_window': 609, 'pupil_valid_frac': 0.6962233169129721}",0.6962233169129721,0.6962233169129721,48.0,609
ID01,single,ID01_ET_0,10.0,20.0,1772207239920,0.4449749408787677,MEDIUM,REDUCE_CLUTTER,False,"{'n_samples_window': 609, 'pupil_valid_frac': 0.7257799671592775}",0.7257799671592775,0.7257799671592775,42.0,609
ID01,single,ID01_ET_0,11.0,21.0,1772207240031,0.4461945135017081,MEDIUM,REDUCE_CLUTTER,False,"{'n_samples_window': 609, 'pupil_valid_frac': 0.7422003284072249}",0.7422003284072249,0.7422003284072249,42.0,609
ID01,single,ID01_ET_0,12.0,22.0,1772207240139,0.45464201475332133,MEDIUM,REDUCE_CLUTTER,False,"{'n_samples_window': 609, 'pupil_valid_frac': 0.7307060755336617}",0.7307060755336617,0.7307060755336617,42.0,609
ID01,single,ID01_ET_0,13.0,23.0,1772207240250,0.44575254640343764,MEDIUM,REDUCE_CLUTTER,False,"{'n_samples_window': 609, 'pupil_valid_frac': 0.7471264367816092}",0.7471264367816092,0.7471264367816092,42.0,609
ID01,single,ID01_ET_0,14.0,24.0,1772207240362,0.4434363597825592,MEDIUM,REDUCE_CLUTTER,False,"{'n_samples_window': 608, 'pupil_valid_frac': 0.7648026315789473}",0.7648026315789473,0.7648026315789473,36.0,608
ID01,single,ID01_ET_0,15.0,25.0,1772207240474,0.45630560188056174,MEDIUM,REDUCE_CLUTTER,False,"{'n_samples_window': 608, 'pupil_valid_frac': 0.7911184210526315}",0.7911184210526315,0.7911184210526315,36.0,608
ID01,single,ID01_ET_0,16.0,26.0,1772207240585,0.4468528097347153,MEDIUM,REDUCE_CLUTTER,False,"{'n_samples_window': 609, 'pupil_valid_frac': 0.7865353037766831}",0.7865353037766831,0.7865353037766831,36.0,609
ID01,single,ID01_ET_0,17.0,27.0,1772207240697,0.44512200203598135,MEDIUM,REDUCE_CLUTTER,False,"{'n_samples_window': 609, 'pupil_valid_frac': 0.8144499178981938}",0.8144499178981938,0.8144499178981938,30.0,609
ID01,single,ID01_ET_0,18.0,28.0,1772207240809,0.4337517041927248,MEDIUM,REDUCE_CLUTTER,False,"{'n_samples_window': 609, 'pupil_valid_frac': 0.8045977011494253}",0.8045977011494253,0.8045977011494253,36.0,609
ID01,single,ID01_ET_0,19.0,29.0,1772207240918,0.43500827036018297,MEDIUM,REDUCE_CLUTTER,False,"{'n_samples_window': 609, 'pupil_valid_frac': 0.8423645320197044}",0.8423645320197044,0.8423645320197044,30.0,609
ID01,single,ID01_ET_0,20.0,30.0,1772207241029,0.4325413054070823,MEDIUM,REDUCE_CLUTTER,False,"{'n_samples_window': 609, 'pupil_valid_frac': 0.8423645320197044}",0.8423645320197044,0.8423645320197044,30.0,609
ID01,single,ID01_ET_0,21.0,31.0,1772207241138,0.42399274447879,MEDIUM,REDUCE_CLUTTER,False,"{'n_samples_window': 608, 'pupil_valid_frac': 0.8388157894736842}",0.8388157894736842,0.8388157894736842,30.0,608
ID01,single,ID01_ET_0,22.0,32.0,1772207241247,0.43068936854386125,MEDIUM,REDUCE_CLUTTER,False,"{'n_samples_window': 608, 'pupil_valid_frac': 0.8404605263157895}",0.8404605263157895,0.8404605263157895,30.0,608
ID01,single,ID01_ET_0,23.0,33.0,1772207241355,0.43117906862901456,MEDIUM,REDUCE_CLUTTER,False,"{'n_samples_window': 608, 'pupil_valid_frac': 0.8519736842105263}",0.8519736842105263,0.8519736842105263,30.0,608
ID01,single,ID01_ET_0,24.0,34.0,1772207241462,0.4317577851958038,MEDIUM,REDUCE_CLUTTER,False,"{'n_samples_window': 609, 'pupil_valid_frac': 0.8489326765188834}",0.8489326765188834,0.8489326765188834,30.0,609
ID01,single,ID01_ET_0,25.0,35.0,1772207241571,0.4344190906237231,MEDIUM,REDUCE_CLUTTER,False,"{'n_samples_window': 609, 'pupil_valid_frac': 0.8226600985221675}",0.8226600985221675,0.8226600985221675,36.0,609
ID01,single,ID01_ET_0,26.0,36.0,1772207241682,0.43950481367553196,MEDIUM,REDUCE_CLUTTER,False,"{'n_samples_window': 609, 'pupil_valid_frac': 0.8555008210180624}",0.8555008210180624,0.8555008210180624,30.0,609
ID01,single,ID01_ET_0,27.0,37.0,1772207241792,0.43607620505011707,MEDIUM,REDUCE_CLUTTER,False,"{'n_samples_window': 609, 'pupil_valid_frac': 0.8177339901477833}",0.8177339901477833,0.8177339901477833,42.0,609
ID01,single,ID01_ET_0,28.0,38.0,1772207241901,0.4372136334297583,MEDIUM,REDUCE_CLUTTER,False,"{'n_samples_window': 609, 'pupil_valid_frac': 0.8226600985221675}",0.8226600985221675,0.8226600985221675,42.0,609
ID01,single,ID01_ET_0,29.0,39.0,1772207242010,0.4357894252833781,MEDIUM,REDUCE_CLUTTER,False,"{'n_samples_window': 608, 'pupil_valid_frac': 0.8108552631578947}",0.8108552631578947,0.8108552631578947,42.0,608
ID01,single,ID01_ET_0,30.0,40.0,1772207242119,0.42758078830916224,MEDIUM,REDUCE_CLUTTER,False,"{'n_samples_window': 608, 'pupil_valid_frac': 0.7730263157894737}",0.7730263157894737,0.7730263157894737,48.0,608
ID01,single,ID01_ET_0,31.0,41.0,1772207242227,0.4268685144933177,MEDIUM,REDUCE_CLUTTER,False,"{'n_samples_window': 609, 'pupil_valid_frac': 0.7750410509031199}",0.7750410509031199,0.7750410509031199,42.0,609
ID01,single,ID01_ET_0,32.0,42.0,1772207242335,0.42644901140961816,MEDIUM,REDUCE_CLUTTER,False,"{'n_samples_window': 609, 'pupil_valid_frac': 0.7701149425287356}",0.7701149425287356,0.7701149425287356,42.0,609
ID01,single,ID01_ET_0,33.0,43.0,1772207242445,0.4222492275498942,MEDIUM,REDUCE_CLUTTER,False,"{'n_samples_window': 609, 'pupil_valid_frac': 0.7405582922824302}",0.7405582922824302,0.7405582922824302,48.0,609
ID01,single,ID01_ET_0,34.0,44.0,1772207242556,0.42753284129308267,MEDIUM,REDUCE_CLUTTER,False,"{'n_samples_window': 609, 'pupil_valid_frac': 0.7405582922824302}",0.7405582922824302,0.7405582922824302,48.0,609
ID01,single,ID01_ET_0,35.0,45.0,1772207242667,0.43577150359039424,MEDIUM,REDUCE_CLUTTER,False,"{'n_samples_window': 609, 'pupil_valid_frac': 0.7405582922824302}",0.7405582922824302,0.7405582922824302,48.0,609
ID01,single,ID01_ET_0,36.0,46.0,1772207242776,0.4403609291454775,MEDIUM,REDUCE_CLUTTER,False,"{'n_samples_window': 609, 'pupil_valid_frac': 0.7126436781609196}",0.7126436781609196,0.7126436781609196,54.0,609
ID01,single,ID01_ET_0,37.0,47.0,1772207242886,0.4438997747565337,MEDIUM,REDUCE_CLUTTER,False,"{'n_samples_window': 608, 'pupil_valid_frac': 0.75}",0.75,0.75,48.0,608
ID01,single,ID01_ET_0,38.0,48.0,1772207242996,0.43755988017122366,MEDIUM,REDUCE_CLUTTER,False,"{'n_samples_window': 608, 'pupil_valid_frac': 0.7039473684210527}",0.7039473684210527,0.7039473684210527,48.0,608
ID01,single,ID01_ET_0,39.0,49.0,1772207243105,0.4845660887422843,MEDIUM,REDUCE_CLUTTER,False,"{'n_samples_window': 609, 'pupil_valid_frac': 0.6995073891625616}",0.6995073891625616,0.6995073891625616,54.0,609
ID01,single,ID01_ET_0,40.0,50.0,1772207243216,0.4706332290220426,MEDIUM,REDUCE_CLUTTER,False,"{'n_samples_window': 609, 'pupil_valid_frac': 0.7307060755336617}",0.7307060755336617,0.7307060755336617,42.0,609
ID01,single,ID01_ET_0,41.0,51.0,1772207243327,0.4472609209805819,MEDIUM,REDUCE_CLUTTER,False,"{'n_samples_window': 609, 'pupil_valid_frac': 0.7307060755336617}",0.7307060755336617,0.7307060755336617,48.0,609
ID01,single,ID01_ET_0,42.0,52.0,1772207243437,0.4466383651743136,MEDIUM,REDUCE_CLUTTER,False,"{'n_samples_window': 609, 'pupil_valid_frac': 0.7602627257799671}",0.7602627257799671,0.7602627257799671,42.0,609
ID01,single,ID01_ET_0,43.0,53.0,1772207243548,0.4468851909210209,MEDIUM,REDUCE_CLUTTER,False,"{'n_samples_window': 609, 'pupil_valid_frac': 0.7553366174055829}",0.7553366174055829,0.7553366174055829,42.0,609
ID01,single,ID01_ET_0,44.0,54.0,1772207243655,0.47534526804051114,MEDIUM,REDUCE_CLUTTER,False,"{'n_samples_window': 609, 'pupil_valid_frac': 0.7848932676518884}",0.7848932676518884,0.7848932676518884,36.0,609
ID01,single,ID01_ET_0,45.0,55.0,1772207243765,0.46064000666652016,MEDIUM,REDUCE_CLUTTER,False,"{'n_samples_window': 608, 'pupil_valid_frac': 0.7796052631578947}",0.7796052631578947,0.7796052631578947,36.0,608
ID01,single,ID01_ET_0,46.0,56.0,1772207243875,0.4369851252902488,MEDIUM,REDUCE_CLUTTER,False,"{'n_samples_window': 608, 'pupil_valid_frac': 0.8042763157894737}",0.8042763157894737,0.8042763157894737,30.0,608
ID01,single,ID01_ET_0,47.0,57.0,1772207243984,0.41458958126054574,MEDIUM,REDUCE_CLUTTER,False,"{'n_samples_window': 609, 'pupil_valid_frac': 0.7947454844006568}",0.7947454844006568,0.7914614121510674,36.0,609
ID01,single,ID01_ET_0,48.0,58.0,1772207244092,0.417363722664649,MEDIUM,REDUCE_CLUTTER,False,"{'n_samples_window': 609, 'pupil_valid_frac': 0.7947454844006568}",0.7947454844006568,0.7914614121510674,30.0,609
ID01,single,ID01_ET_0,49.0,59.0,1772207244204,0.4383097332866332,MEDIUM,REDUCE_CLUTTER,False,"{'n_samples_window': 609, 'pupil_valid_frac': 0.8210180623973727}",0.8210180623973727,0.8177339901477833,30.0,609
ID01,single,ID01_ET_0,50.0,60.0,1772207244314,0.43789481993053564,MEDIUM,REDUCE_CLUTTER,False,"{'n_samples_window': 609, 'pupil_valid_frac': 0.8045977011494253}",0.8045977011494253,0.8013136288998358,30.0,609
ID01,single,ID01_ET_0,51.0,61.0,1772207244426,0.4419628872615121,MEDIUM,REDUCE_CLUTTER,False,"{'n_samples_window': 609, 'pupil_valid_frac': 0.8160919540229885}",0.8160919540229885,0.812807881773399,24.0,609
ID01,single,ID01_ET_0,52.0,62.0,1772207244537,0.4430642844442926,MEDIUM,REDUCE_CLUTTER,False,"{'n_samples_window': 608, 'pupil_valid_frac': 0.8157894736842105}",0.8157894736842105,0.8125,24.0,608
ID01,single,ID01_ET_0,53.0,63.0,1772207244648,0.43514455195212226,MEDIUM,REDUCE_CLUTTER,False,"{'n_samples_window': 608, 'pupil_valid_frac': 0.850328947368421}",0.850328947368421,0.8470394736842105,18.0,608
ID01,single,ID01_ET_0,54.0,64.0,1772207244758,0.44389146321724343,MEDIUM,REDUCE_CLUTTER,False,"{'n_samples_window': 608, 'pupil_valid_frac': 0.8075657894736842}",0.8075657894736842,0.8042763157894737,24.0,608
ID01,single,ID01_ET_0,55.0,65.0,1772207244868,0.4702501945926403,MEDIUM,REDUCE_CLUTTER,False,"{'n_samples_window': 609, 'pupil_valid_frac': 0.8390804597701149}",0.8390804597701149,0.8357963875205254,24.0,609
ID01,single,ID01_ET_0,56.0,66.0,1772207244977,0.46624335471504763,MEDIUM,REDUCE_CLUTTER,False,"{'n_samples_window': 609, 'pupil_valid_frac': 0.7963875205254516}",0.7963875205254516,0.7931034482758621,24.0,609
ID01,single,ID01_ET_0,57.0,67.0,1772207245085,0.43441920618767965,MEDIUM,REDUCE_CLUTTER,False,"{'n_samples_window': 609, 'pupil_valid_frac': 0.7553366174055829}",0.7553366174055829,0.7553366174055829,30.0,609
ID01,single,ID01_ET_0,58.0,68.0,1772207245194,0.45438098749513617,MEDIUM,REDUCE_CLUTTER,False,"{'n_samples_window': 609, 'pupil_valid_frac': 0.7848932676518884}",0.7848932676518884,0.7733990147783252,24.0,609
ID01,single,ID01_ET_0,59.0,69.0,1772207245304,0.48797033082900587,MEDIUM,REDUCE_CLUTTER,False,"{'n_samples_window': 609, 'pupil_valid_frac': 0.7487684729064039}",0.7487684729064039,0.7372742200328407,30.0,609
ID01,single,ID01_ET_0,60.0,70.0,1772207245414,0.4555417949529525,MEDIUM,REDUCE_CLUTTER,False,"{'n_samples_window': 608, 'pupil_valid_frac': 0.7713815789473685}",0.7713815789473685,0.7598684210526315,30.0,608
ID01,single,ID01_ET_0,61.0,71.0,1772207245524,0.4317825854430811,MEDIUM,REDUCE_CLUTTER,False,"{'n_samples_window': 608, 'pupil_valid_frac': 0.7894736842105263}",0.7894736842105263,0.7779605263157895,24.0,608
ID01,single,ID01_ET_0,62.0,72.0,1772207245633,0.4475302679277599,MEDIUM,REDUCE_CLUTTER,False,"{'n_samples_window': 609, 'pupil_valid_frac': 0.7898193760262726}",0.7898193760262726,0.7783251231527094,24.0,609
ID01,single,ID01_ET_0,63.0,73.0,1772207245744,0.4449075679100177,MEDIUM,REDUCE_CLUTTER,False,"{'n_samples_window': 609, 'pupil_valid_frac': 0.7848932676518884}",0.7848932676518884,0.7733990147783252,30.0,609
ID01,single,ID01_ET_0,64.0,74.0,1772207245854,0.4647724212868326,MEDIUM,REDUCE_CLUTTER,False,"{'n_samples_window': 609, 'pupil_valid_frac': 0.8029556650246306}",0.8029556650246306,0.7914614121510674,30.0,609
ID01,single,ID01_ET_0,65.0,75.0,1772207245963,0.43470914742624217,MEDIUM,REDUCE_CLUTTER,False,"{'n_samples_window': 609, 'pupil_valid_frac': 0.7832512315270936}",0.7832512315270936,0.7717569786535303,30.0,609
ID01,single,ID01_ET_0,66.0,76.0,1772207246071,0.42174291901187294,MEDIUM,REDUCE_CLUTTER,False,"{'n_samples_window': 609, 'pupil_valid_frac': 0.8292282430213465}",0.8292282430213465,0.8177339901477833,30.0,609
ID01,single,ID01_ET_0,67.0,77.0,1772207246183,0.4124044890825875,MEDIUM,REDUCE_CLUTTER,False,"{'n_samples_window': 609, 'pupil_valid_frac': 0.8801313628899836}",0.8801313628899836,0.8686371100164204,24.0,609
ID01,single,ID01_ET_0,68.0,78.0,1772207246293,0.41371005676244255,MEDIUM,REDUCE_CLUTTER,False,"{'n_samples_window': 608, 'pupil_valid_frac': 0.9144736842105263}",0.9144736842105263,0.9144736842105263,18.0,608
ID01,single,ID01_ET_0,69.0,79.0,1772207246401,0.42035552104725493,MEDIUM,REDUCE_CLUTTER,False,"{'n_samples_window': 608, 'pupil_valid_frac': 0.9506578947368421}",0.9506578947368421,0.9506578947368421,12.0,608
ID01,single,ID01_ET_0,70.0,80.0,1772207246508,0.4071738868301305,MEDIUM,REDUCE_CLUTTER,False,"{'n_samples_window': 609, 'pupil_valid_frac': 0.9064039408866995}",0.9064039408866995,0.90311986863711,24.0,609
ID01,single,ID01_ET_0,71.0,81.0,1772207246615,0.4033737645047888,MEDIUM,REDUCE_CLUTTER,False,"{'n_samples_window': 609, 'pupil_valid_frac': 0.8817733990147784}",0.8817733990147784,0.8784893267651889,24.0,609
ID01,single,ID01_ET_0,72.0,82.0,1772207246722,0.4035960331828752,MEDIUM,REDUCE_CLUTTER,False,"{'n_samples_window': 609, 'pupil_valid_frac': 0.8653530377668309}",0.8653530377668309,0.8620689655172413,30.0,609
ID01,single,ID01_ET_0,73.0,83.0,1772207246829,0.3866869237702631,LOW,NO_CHANGE,True,"{'n_samples_window': 609, 'pupil_valid_frac': 0.8522167487684729}",0.8522167487684729,0.8489326765188834,24.0,609
ID01,single,ID01_ET_0,74.0,84.0,1772207246936,0.3875151242752105,LOW,NO_CHANGE,False,"{'n_samples_window': 609, 'pupil_valid_frac': 0.8768472906403941}",0.8768472906403941,0.8735632183908046,24.0,609
ID01,single,ID01_ET_0,75.0,85.0,1772207247043,0.40436529528878723,LOW,NO_CHANGE,False,"{'n_samples_window': 608, 'pupil_valid_frac': 0.8963815789473685}",0.8963815789473685,0.8930921052631579,18.0,608
ID01,single,ID01_ET_0,76.0,86.0,1772207247151,0.4159844940121784,LOW,NO_CHANGE,False,"{'n_samples_window': 608, 'pupil_valid_frac': 0.8963815789473685}",0.8963815789473685,0.8930921052631579,18.0,608
ID01,single,ID01_ET_0,77.0,87.0,1772207247261,0.4193198312914993,LOW,NO_CHANGE,False,"{'n_samples_window': 608, 'pupil_valid_frac': 0.8667763157894737}",0.8667763157894737,0.8634868421052632,24.0,608
ID01,single,ID01_ET_0,78.0,88.0,1772207247371,0.41518934091013104,LOW,NO_CHANGE,False,"{'n_samples_window': 609, 'pupil_valid_frac': 0.8669950738916257}",0.8669950738916257,0.8637110016420362,24.0,609
ID01,single,ID01_ET_0,79.0,89.0,1772207247481,0.4248765987223699,LOW,NO_CHANGE,False,"{'n_samples_window': 609, 'pupil_valid_frac': 0.8669950738916257}",0.8669950738916257,0.8637110016420362,24.0,609
ID01,single,ID01_ET_0,80.0,90.0,1772207247591,0.43767477835496427,LOW,NO_CHANGE,False,"{'n_samples_window': 609, 'pupil_valid_frac': 0.8899835796387521}",0.8899835796387521,0.8899835796387521,24.0,609
ID01,single,ID01_ET_0,81.0,91.0,1772207247698,0.433961407489299,LOW,NO_CHANGE,False,"{'n_samples_window': 609, 'pupil_valid_frac': 0.90311986863711}",0.90311986863711,0.90311986863711,18.0,609
ID01,single,ID01_ET_0,82.0,92.0,1772207247807,0.43644260218812475,LOW,NO_CHANGE,False,"{'n_samples_window': 609, 'pupil_valid_frac': 0.8850574712643678}",0.8850574712643678,0.8850574712643678,24.0,609
ID01,single,ID01_ET_0,83.0,93.0,1772207247916,0.441605138123291,LOW,NO_CHANGE,False,"{'n_samples_window': 608, 'pupil_valid_frac': 0.9029605263157895}",0.9029605263157895,0.9029605263157895,18.0,608
ID01,single,ID01_ET_0,84.0,94.0,1772207248026,0.443574081245965,LOW,NO_CHANGE,False,"{'n_samples_window': 608, 'pupil_valid_frac': 0.9029605263157895}",0.9029605263157895,0.9029605263157895,18.0,608
ID01,single,ID01_ET_0,85.0,95.0,1772207248133,0.4258474249960782,LOW,NO_CHANGE,False,"{'n_samples_window': 609, 'pupil_valid_frac': 0.90311986863711}",0.90311986863711,0.90311986863711,18.0,609
ID01,single,ID01_ET_0,86.0,96.0,1772207248241,0.42420325870724923,LOW,NO_CHANGE,False,"{'n_samples_window': 609, 'pupil_valid_frac': 0.90311986863711}",0.90311986863711,0.90311986863711,18.0,609
ID01,single,ID01_ET_0,87.0,97.0,1772207248348,0.4222196078549151,LOW,NO_CHANGE,False,"{'n_samples_window': 609, 'pupil_valid_frac': 0.9326765188834154}",0.9326765188834154,0.9326765188834154,12.0,609
ID01,single,ID01_ET_0,88.0,98.0,1772207248457,0.4197585522898576,LOW,NO_CHANGE,False,"{'n_samples_window': 609, 'pupil_valid_frac': 0.9326765188834154}",0.9326765188834154,0.9326765188834154,12.0,609
ID01,single,ID01_ET_0,89.0,99.0,1772207248567,0.41700226196705764,LOW,NO_CHANGE,False,"{'n_samples_window': 609, 'pupil_valid_frac': 0.9326765188834154}",0.9326765188834154,0.9326765188834154,12.0,609
ID01,single,ID01_ET_0,90.0,100.0,1772207248676,0.40635956104936993,LOW,NO_CHANGE,False,"{'n_samples_window': 609, 'pupil_valid_frac': 0.9392446633825944}",0.9392446633825944,0.9392446633825944,18.0,609
ID01,single,ID01_ET_0,91.0,101.0,1772207248787,0.4064818476304484,LOW,NO_CHANGE,False,"{'n_samples_window': 608, 'pupil_valid_frac': 0.9342105263157895}",0.9342105263157895,0.9342105263157895,12.0,608
ID01,single,ID01_ET_0,92.0,102.0,1772207248898,0.41306311697762743,LOW,NO_CHANGE,False,"{'n_samples_window': 608, 'pupil_valid_frac': 0.96875}",0.96875,0.96875,6.0,608
ID01,single,ID01_ET_0,93.0,103.0,1772207249009,0.417362956139481,LOW,NO_CHANGE,False,"{'n_samples_window': 609, 'pupil_valid_frac': 0.9688013136288999}",0.9688013136288999,0.9688013136288999,6.0,609
ID01,single,ID01_ET_0,94.0,104.0,1772207249116,0.41662551246567087,LOW,NO_CHANGE,False,"{'n_samples_window': 609, 'pupil_valid_frac': 0.9688013136288999}",0.9688013136288999,0.9688013136288999,6.0,609
ID01,single,ID01_ET_0,95.0,105.0,1772207249224,0.4063361207108325,LOW,NO_CHANGE,False,"{'n_samples_window': 609, 'pupil_valid_frac': 0.9359605911330049}",0.9359605911330049,0.9359605911330049,12.0,609
ID01,single,ID01_ET_0,96.0,106.0,1772207249333,0.4136784943636417,LOW,NO_CHANGE,False,"{'n_samples_window': 609, 'pupil_valid_frac': 0.90311986863711}",0.90311986863711,0.90311986863711,18.0,609
ID01,single,ID01_ET_0,97.0,107.0,1772207249440,0.42020505908799766,LOW,NO_CHANGE,False,"{'n_samples_window': 609, 'pupil_valid_frac': 0.8686371100164204}",0.8686371100164204,0.8686371100164204,24.0,609
ID01,single,ID01_ET_0,98.0,108.0,1772207249550,0.4206996100654587,LOW,NO_CHANGE,False,"{'n_samples_window': 609, 'pupil_valid_frac': 0.8390804597701149}",0.8390804597701149,0.8390804597701149,30.0,609
ID01,single,ID01_ET_0,99.0,109.0,1772207249661,0.42122932548341285,LOW,NO_CHANGE,False,"{'n_samples_window': 608, 'pupil_valid_frac': 0.8388157894736842}",0.8388157894736842,0.8388157894736842,30.0,608
ID01,single,ID01_ET_0,100.0,110.0,1772207249771,0.4178097819842082,LOW,NO_CHANGE,False,"{'n_samples_window': 608, 'pupil_valid_frac': 0.8240131578947368}",0.8240131578947368,0.8240131578947368,36.0,608
ID01,single,ID01_ET_0,101.0,111.0,1772207249881,0.4337796290282759,LOW,NO_CHANGE,False,"{'n_samples_window': 609, 'pupil_valid_frac': 0.8144499178981938}",0.8144499178981938,0.8144499178981938,36.0,609
ID01,single,ID01_ET_0,102.0,112.0,1772207249992,0.42804173526969125,LOW,NO_CHANGE,False,"{'n_samples_window': 609, 'pupil_valid_frac': 0.7865353037766831}",0.7865353037766831,0.7865353037766831,42.0,609
ID01,single,ID01_ET_0,103.0,113.0,1772207250102,0.40198939830002245,LOW,NO_CHANGE,False,"{'n_samples_window': 609, 'pupil_valid_frac': 0.7586206896551724}",0.7586206896551724,0.7586206896551724,48.0,609
ID01,single,ID01_ET_0,104.0,114.0,1772207250211,0.4028894877373836,LOW,NO_CHANGE,False,"{'n_samples_window': 609, 'pupil_valid_frac': 0.729064039408867}",0.729064039408867,0.729064039408867,54.0,609
ID01,single,ID01_ET_0,105.0,115.0,1772207250321,0.401440380863454,LOW,NO_CHANGE,False,"{'n_samples_window': 609, 'pupil_valid_frac': 0.7619047619047619}",0.7619047619047619,0.7619047619047619,48.0,609
ID01,single,ID01_ET_0,106.0,116.0,1772207250432,0.39787056484525085,LOW,NO_CHANGE,False,"{'n_samples_window': 608, 'pupil_valid_frac': 0.7549342105263158}",0.7549342105263158,0.7549342105263158,54.0,608
ID01,single,ID01_ET_0,107.0,117.0,1772207250543,0.3998017292697353,LOW,NO_CHANGE,False,"{'n_samples_window': 608, 'pupil_valid_frac': 0.7648026315789473}",0.7648026315789473,0.7648026315789473,48.0,608
ID01,single,ID01_ET_0,108.0,118.0,1772207250653,0.4016822737702305,LOW,NO_CHANGE,False,"{'n_samples_window': 608, 'pupil_valid_frac': 0.7648026315789473}",0.7648026315789473,0.7648026315789473,48.0,608
ID01,single,ID01_ET_0,109.0,119.0,1772207250765,0.39766401750095554,LOW,NO_CHANGE,False,"{'n_samples_window': 609, 'pupil_valid_frac': 0.7339901477832512}",0.7339901477832512,0.7339901477832512,54.0,609
ID01,single,ID01_ET_0,110.0,120.0,1772207250875,0.3949763789872786,LOW,NO_CHANGE,False,"{'n_samples_window': 609, 'pupil_valid_frac': 0.7274220032840722}",0.7274220032840722,0.7274220032840722,54.0,609
ID01,single,ID01_ET_0,111.0,121.0,1772207250987,0.39750236421965807,LOW,NO_CHANGE,False,"{'n_samples_window': 609, 'pupil_valid_frac': 0.7536945812807881}",0.7536945812807881,0.7536945812807881,48.0,609
ID01,single,ID01_ET_0,112.0,122.0,1772207251098,0.40169226739535707,LOW,NO_CHANGE,False,"{'n_samples_window': 609, 'pupil_valid_frac': 0.7487684729064039}",0.7487684729064039,0.7487684729064039,48.0,609
ID01,single,ID01_ET_0,113.0,123.0,1772207251209,0.4107895792987585,LOW,NO_CHANGE,False,"{'n_samples_window': 609, 'pupil_valid_frac': 0.7766830870279147}",0.7766830870279147,0.7766830870279147,42.0,609
ID01,single,ID01_ET_0,114.0,124.0,1772207251320,0.40524417736136276,LOW,NO_CHANGE,False,"{'n_samples_window': 608, 'pupil_valid_frac': 0.7993421052631579}",0.7993421052631579,0.7993421052631579,42.0,608
ID01,single,ID01_ET_0,115.0,125.0,1772207251431,0.39646668273890795,LOW,NO_CHANGE,False,"{'n_samples_window': 608, 'pupil_valid_frac': 0.7664473684210527}",0.7664473684210527,0.7664473684210527,42.0,608
ID01,single,ID01_ET_0,116.0,126.0,1772207251541,0.3990673940777714,LOW,NO_CHANGE,False,"{'n_samples_window': 609, 'pupil_valid_frac': 0.7898193760262726}",0.7898193760262726,0.7898193760262726,42.0,609
ID01,single,ID01_ET_0,117.0,127.0,1772207251651,0.3972964833818913,LOW,NO_CHANGE,False,"{'n_samples_window': 609, 'pupil_valid_frac': 0.7898193760262726}",0.7898193760262726,0.7898193760262726,42.0,609
ID01,single,ID01_ET_0,118.0,128.0,1772207251758,0.3958574060613941,LOW,NO_CHANGE,False,"{'n_samples_window': 609, 'pupil_valid_frac': 0.7898193760262726}",0.7898193760262726,0.7898193760262726,36.0,609
ID01,single,ID01_ET_0,119.0,129.0,1772207251869,0.3905263308639337,LOW,NO_CHANGE,False,"{'n_samples_window': 609, 'pupil_valid_frac': 0.7881773399014779}",0.7881773399014779,0.7881773399014779,36.0,609
ID01,single,ID01_ET_0,120.0,130.0,1772207251979,0.39690351345229896,LOW,NO_CHANGE,False,"{'n_samples_window': 609, 'pupil_valid_frac': 0.8243021346469622}",0.8243021346469622,0.8243021346469622,30.0,609
ID01,single,ID01_ET_0,121.0,131.0,1772207252090,0.42022348090233397,LOW,NO_CHANGE,False,"{'n_samples_window': 609, 'pupil_valid_frac': 0.8243021346469622}",0.8243021346469622,0.8243021346469622,30.0,609
ID01,single,ID01_ET_0,122.0,132.0,1772207252200,0.421444295478765,LOW,NO_CHANGE,False,"{'n_samples_window': 608, 'pupil_valid_frac': 0.8223684210526315}",0.8223684210526315,0.8223684210526315,30.0,608
ID01,single,ID01_ET_0,123.0,133.0,1772207252307,0.4244519996151677,LOW,NO_CHANGE,False,"{'n_samples_window': 608, 'pupil_valid_frac': 0.8223684210526315}",0.8223684210526315,0.8223684210526315,30.0,608
ID01,single,ID01_ET_0,124.0,134.0,1772207252414,0.4216435156125126,LOW,NO_CHANGE,False,"{'n_samples_window': 609, 'pupil_valid_frac': 0.7996715927750411}",0.7996715927750411,0.7996715927750411,36.0,609
ID01,single,ID01_ET_0,125.0,135.0,1772207252521,0.424957009955731,LOW,NO_CHANGE,False,"{'n_samples_window': 609, 'pupil_valid_frac': 0.8325123152709359}",0.8325123152709359,0.8325123152709359,30.0,609
ID01,single,ID01_ET_0,126.0,136.0,1772207252630,0.4188043740975301,LOW,NO_CHANGE,False,"{'n_samples_window': 609, 'pupil_valid_frac': 0.8489326765188834}",0.8489326765188834,0.8489326765188834,30.0,609
ID01,single,ID01_ET_0,127.0,137.0,1772207252739,0.4246937271340361,LOW,NO_CHANGE,False,"{'n_samples_window': 609, 'pupil_valid_frac': 0.8735632183908046}",0.8735632183908046,0.8735632183908046,24.0,609
ID01,single,ID01_ET_0,128.0,138.0,1772207252848,0.4218202820631202,LOW,NO_CHANGE,False,"{'n_samples_window': 609, 'pupil_valid_frac': 0.8752052545155994}",0.8752052545155994,0.8752052545155994,24.0,609
ID01,single,ID01_ET_0,129.0,139.0,1772207252955,0.42544705363617813,LOW,NO_CHANGE,False,"{'n_samples_window': 609, 'pupil_valid_frac': 0.9080459770114943}",0.9080459770114943,0.9080459770114943,18.0,609
ID01,single,ID01_ET_0,130.0,140.0,1772207253063,0.4273496045302443,LOW,NO_CHANGE,False,"{'n_samples_window': 608, 'pupil_valid_frac': 0.9078947368421053}",0.9078947368421053,0.9078947368421053,18.0,608
ID01,single,ID01_ET_0,131.0,141.0,1772207253170,0.39605547777036926,LOW,NO_CHANGE,False,"{'n_samples_window': 608, 'pupil_valid_frac': 0.8421052631578947}",0.8421052631578947,0.8388157894736842,30.0,608
ID01,single,ID01_ET_0,132.0,142.0,1772207253277,0.38860636636605667,LOW,NO_CHANGE,False,"{'n_samples_window': 609, 'pupil_valid_frac': 0.8357963875205254}",0.8357963875205254,0.8325123152709359,30.0,609
ID01,single,ID01_ET_0,133.0,143.0,1772207253386,0.3862886326154418,LOW,NO_CHANGE,False,"{'n_samples_window': 609, 'pupil_valid_frac': 0.8013136288998358}",0.8013136288998358,0.7980295566502463,36.0,609
ID01,single,ID01_ET_0,134.0,144.0,1772207253494,0.3908581557113028,LOW,NO_CHANGE,False,"{'n_samples_window': 609, 'pupil_valid_frac': 0.8095238095238095}",0.8095238095238095,0.80623973727422,30.0,609
ID01,single,ID01_ET_0,135.0,145.0,1772207253602,0.38866760064026495,LOW,NO_CHANGE,False,"{'n_samples_window': 609, 'pupil_valid_frac': 0.7684729064039408}",0.7684729064039408,0.7651888341543513,36.0,609
ID01,single,ID01_ET_0,136.0,146.0,1772207253709,0.38477890996637804,LOW,NO_CHANGE,False,"{'n_samples_window': 609, 'pupil_valid_frac': 0.7684729064039408}",0.7684729064039408,0.7651888341543513,36.0,609
ID01,single,ID01_ET_0,137.0,147.0,1772207253816,0.38358418271684874,LOW,NO_CHANGE,False,"{'n_samples_window': 608, 'pupil_valid_frac': 0.7680921052631579}",0.7680921052631579,0.7516447368421053,36.0,608
ID01,single,ID01_ET_0,138.0,148.0,1772207253923,0.3790019174089241,LOW,NO_CHANGE,False,"{'n_samples_window': 608, 'pupil_valid_frac': 0.7697368421052632}",0.7697368421052632,0.7532894736842105,36.0,608
ID01,single,ID01_ET_0,139.0,149.0,1772207254030,0.3802201379938671,LOW,NO_CHANGE,False,"{'n_samples_window': 608, 'pupil_valid_frac': 0.756578947368421}",0.756578947368421,0.7401315789473685,42.0,608
ID01,single,ID01_ET_0,140.0,150.0,1772207254139,0.3787475495906531,LOW,NO_CHANGE,False,"{'n_samples_window': 609, 'pupil_valid_frac': 0.722495894909688}",0.722495894909688,0.7060755336617406,48.0,609
ID01,single,ID01_ET_0,141.0,151.0,1772207254246,0.37907802923350875,LOW,NO_CHANGE,False,"{'n_samples_window': 609, 'pupil_valid_frac': 0.7536945812807881}",0.7536945812807881,0.7405582922824302,48.0,609
ID01,single,ID01_ET_0,142.0,152.0,1772207254353,0.3913255867626653,LOW,NO_CHANGE,False,"{'n_samples_window': 609, 'pupil_valid_frac': 0.7619047619047619}",0.7619047619047619,0.7487684729064039,48.0,609
ID01,single,ID01_ET_0,143.0,153.0,1772207254461,0.39030345049985027,LOW,NO_CHANGE,False,"{'n_samples_window': 609, 'pupil_valid_frac': 0.7668308702791461}",0.7668308702791461,0.7536945812807881,48.0,609
ID01,single,ID01_ET_0,144.0,154.0,1772207254568,0.39491396633044096,LOW,NO_CHANGE,False,"{'n_samples_window': 609, 'pupil_valid_frac': 0.7766830870279147}",0.7766830870279147,0.7635467980295566,48.0,609
ID01,single,ID01_ET_0,145.0,155.0,1772207254677,0.39970021337948736,LOW,NO_CHANGE,False,"{'n_samples_window': 608, 'pupil_valid_frac': 0.7911184210526315}",0.7911184210526315,0.7779605263157895,48.0,608
ID01,single,ID01_ET_0,146.0,156.0,1772207254786,0.4099582992128939,LOW,NO_CHANGE,False,"{'n_samples_window': 608, 'pupil_valid_frac': 0.7648026315789473}",0.7648026315789473,0.7516447368421053,48.0,608
ID01,single,ID01_ET_0,147.0,157.0,1772207254895,0.40713347059268984,LOW,NO_CHANGE,False,"{'n_samples_window': 609, 'pupil_valid_frac': 0.7651888341543513}",0.7651888341543513,0.7651888341543513,48.0,609
ID01,single,ID01_ET_0,148.0,158.0,1772207255002,0.39773196834074015,LOW,NO_CHANGE,False,"{'n_samples_window': 609, 'pupil_valid_frac': 0.7914614121510674}",0.7914614121510674,0.7914614121510674,42.0,609
ID01,single,ID01_ET_0,149.0,159.0,1772207255111,0.3878295916806847,LOW,NO_CHANGE,False,"{'n_samples_window': 609, 'pupil_valid_frac': 0.7766830870279147}",0.7766830870279147,0.7766830870279147,42.0,609
ID01,single,ID01_ET_0,150.0,160.0,1772207255218,0.3937124211754277,LOW,NO_CHANGE,False,"{'n_samples_window': 609, 'pupil_valid_frac': 0.8111658456486043}",0.8111658456486043,0.8111658456486043,36.0,609
ID01,single,ID01_ET_0,151.0,161.0,1772207255326,0.39428577266703047,LOW,NO_CHANGE,False,"{'n_samples_window': 609, 'pupil_valid_frac': 0.8111658456486043}",0.8111658456486043,0.8111658456486043,36.0,609
ID01,single,ID01_ET_0,152.0,162.0,1772207255434,0.3924637010648281,LOW,NO_CHANGE,False,"{'n_samples_window': 609, 'pupil_valid_frac': 0.8111658456486043}",0.8111658456486043,0.8111658456486043,30.0,609
ID01,single,ID01_ET_0,153.0,163.0,1772207255543,0.39654065533098465,LOW,NO_CHANGE,False,"{'n_samples_window': 608, 'pupil_valid_frac': 0.8338815789473685}",0.8338815789473685,0.8338815789473685,30.0,608
ID01,single,ID01_ET_0,154.0,164.0,1772207255652,0.39243624485884593,LOW,NO_CHANGE,False,"{'n_samples_window': 608, 'pupil_valid_frac': 0.7861842105263158}",0.7861842105263158,0.7861842105263158,36.0,608
ID01,single,ID01_ET_0,155.0,165.0,1772207255761,0.4038907433191197,LOW,NO_CHANGE,False,"{'n_samples_window': 609, 'pupil_valid_frac': 0.812807881773399}",0.812807881773399,0.812807881773399,30.0,609
ID01,single,ID01_ET_0,156.0,166.0,1772207255868,0.40538868574731207,LOW,NO_CHANGE,False,"{'n_samples_window': 609, 'pupil_valid_frac': 0.8045977011494253}",0.8045977011494253,0.8045977011494253,30.0,609
ID01,single,ID01_ET_0,157.0,167.0,1772207255975,0.41297825674790817,LOW,NO_CHANGE,False,"{'n_samples_window': 609, 'pupil_valid_frac': 0.7684729064039408}",0.7684729064039408,0.7684729064039408,36.0,609
ID01,single,ID01_ET_0,158.0,168.0,1772207256082,0.41031108289527307,LOW,NO_CHANGE,False,"{'n_samples_window': 609, 'pupil_valid_frac': 0.7323481116584565}",0.7323481116584565,0.7323481116584565,42.0,609
ID01,single,ID01_ET_0,159.0,169.0,1772207256189,0.4030423213800406,LOW,NO_CHANGE,False,"{'n_samples_window': 609, 'pupil_valid_frac': 0.7257799671592775}",0.7257799671592775,0.7257799671592775,42.0,609
ID01,single,ID01_ET_0,160.0,170.0,1772207256297,0.39490644956784604,LOW,NO_CHANGE,False,"{'n_samples_window': 608, 'pupil_valid_frac': 0.6891447368421053}",0.6891447368421053,0.6891447368421053,48.0,608
ID01,single,ID01_ET_0,161.0,171.0,1772207256404,0.3983542756974743,LOW,NO_CHANGE,False,"{'n_samples_window': 608, 'pupil_valid_frac': 0.7236842105263158}",0.7236842105263158,0.7236842105263158,42.0,608
ID01,single,ID01_ET_0,162.0,172.0,1772207256511,0.40025345854520833,LOW,NO_CHANGE,False,"{'n_samples_window': 608, 'pupil_valid_frac': 0.7269736842105263}",0.7269736842105263,0.7269736842105263,48.0,608
ID01,single,ID01_ET_0,163.0,173.0,1772207256618,0.4139489324209289,LOW,NO_CHANGE,False,"{'n_samples_window': 609, 'pupil_valid_frac': 0.7339901477832512}",0.7339901477832512,0.7339901477832512,48.0,609
ID01,single,ID01_ET_0,164.0,174.0,1772207256725,0.41953959766410087,LOW,NO_CHANGE,False,"{'n_samples_window': 609, 'pupil_valid_frac': 0.7848932676518884}",0.7848932676518884,0.7848932676518884,42.0,609
ID01,single,ID01_ET_0,165.0,175.0,1772207256832,0.40959126480872143,LOW,NO_CHANGE,False,"{'n_samples_window': 609, 'pupil_valid_frac': 0.7619047619047619}",0.7619047619047619,0.7619047619047619,42.0,609
ID01,single,ID01_ET_0,166.0,176.0,1772207256939,0.41158272294598575,LOW,NO_CHANGE,False,"{'n_samples_window': 609, 'pupil_valid_frac': 0.7963875205254516}",0.7963875205254516,0.7963875205254516,36.0,609
ID01,single,ID01_ET_0,167.0,177.0,1772207257046,0.4046557219241052,LOW,NO_CHANGE,False,"{'n_samples_window': 609, 'pupil_valid_frac': 0.7996715927750411}",0.7996715927750411,0.7996715927750411,36.0,609
ID01,single,ID01_ET_0,168.0,178.0,1772207257154,0.4070847095091277,LOW,NO_CHANGE,False,"{'n_samples_window': 608, 'pupil_valid_frac': 0.8355263157894737}",0.8355263157894737,0.8355263157894737,30.0,608
ID01,single,ID01_ET_0,169.0,179.0,1772207257265,0.4000385813393596,LOW,NO_CHANGE,False,"{'n_samples_window': 608, 'pupil_valid_frac': 0.837171052631579}",0.837171052631579,0.837171052631579,30.0,608
ID01,single,ID01_ET_0,170.0,180.0,1772207257375,0.39756441714586954,LOW,NO_CHANGE,False,"{'n_samples_window': 609, 'pupil_valid_frac': 0.8407224958949097}",0.8407224958949097,0.8407224958949097,30.0,609
ID01,single,ID01_ET_0,171.0,181.0,1772207257486,0.3920609042691439,LOW,NO_CHANGE,False,"{'n_samples_window': 609, 'pupil_valid_frac': 0.8111658456486043}",0.8111658456486043,0.8111658456486043,36.0,609
ID01,single,ID01_ET_0,172.0,182.0,1772207257598,0.40671906448769735,LOW,NO_CHANGE,False,"{'n_samples_window': 609, 'pupil_valid_frac': 0.8144499178981938}",0.8144499178981938,0.8144499178981938,36.0,609
ID01,single,ID01_ET_0,173.0,183.0,1772207257709,0.4341786733381179,LOW,NO_CHANGE,False,"{'n_samples_window': 609, 'pupil_valid_frac': 0.7733990147783252}",0.7733990147783252,0.7733990147783252,42.0,609
ID01,single,ID01_ET_0,174.0,184.0,1772207257816,0.43139915934080003,LOW,NO_CHANGE,False,"{'n_samples_window': 609, 'pupil_valid_frac': 0.6929392446633826}",0.6929392446633826,0.6912972085385879,42.0,609
ID01,single,ID01_ET_0,175.0,185.0,1772207257925,0.4229977502675597,LOW,NO_CHANGE,False,"{'n_samples_window': 609, 'pupil_valid_frac': 0.6863711001642037}",0.6863711001642037,0.6847290640394089,36.0,609
