participant_id,condition,session_id,window_start_sec,window_end_sec,score,state,action,action_changed,qa,pupil_valid_frac,gaze_valid_frac,blink_rate_per_min,n_samples_window
ID01,dual,ID01_ET_0,0.0,10.0,0.5075490373965443,MEDIUM,REDUCE_CLUTTER,True,"{'n_samples_window': 609, 'pupil_valid_frac': 0.9195402298850575}",0.9195402298850575,0.9195402298850575,18.0,609
ID01,dual,ID01_ET_0,1.0,11.0,0.4950989693376402,MEDIUM,REDUCE_CLUTTER,False,"{'n_samples_window': 609, 'pupil_valid_frac': 0.9064039408866995}",0.9064039408866995,0.9064039408866995,24.0,609
ID01,dual,ID01_ET_0,2.0,12.0,0.5026783584478048,MEDIUM,REDUCE_CLUTTER,False,"{'n_samples_window': 609, 'pupil_valid_frac': 0.8949096880131363}",0.8949096880131363,0.8949096880131363,24.0,609
ID01,dual,ID01_ET_0,3.0,13.0,0.48144912969083675,MEDIUM,REDUCE_CLUTTER,False,"{'n_samples_window': 609, 'pupil_valid_frac': 0.8686371100164204}",0.8686371100164204,0.8686371100164204,30.0,609
ID01,dual,ID01_ET_0,4.0,14.0,0.4860960400199036,MEDIUM,REDUCE_CLUTTER,False,"{'n_samples_window': 609, 'pupil_valid_frac': 0.8423645320197044}",0.8423645320197044,0.8423645320197044,36.0,609
ID01,dual,ID01_ET_0,5.0,15.0,0.487018004783225,MEDIUM,REDUCE_CLUTTER,False,"{'n_samples_window': 609, 'pupil_valid_frac': 0.8669950738916257}",0.8669950738916257,0.8669950738916257,30.0,609
ID01,dual,ID01_ET_0,6.0,16.0,0.4875186208479451,MEDIUM,REDUCE_CLUTTER,False,"{'n_samples_window': 608, 'pupil_valid_frac': 0.8717105263157895}",0.8717105263157895,0.8717105263157895,30.0,608
ID01,dual,ID01_ET_0,7.0,17.0,0.4876366985350723,MEDIUM,REDUCE_CLUTTER,False,"{'n_samples_window': 608, 'pupil_valid_frac': 0.8486842105263158}",0.8486842105263158,0.8486842105263158,36.0,608
ID01,dual,ID01_ET_0,8.0,18.0,0.49271976312156446,MEDIUM,REDUCE_CLUTTER,False,"{'n_samples_window': 609, 'pupil_valid_frac': 0.8489326765188834}",0.8489326765188834,0.8489326765188834,36.0,609
ID01,dual,ID01_ET_0,9.0,19.0,0.49994920969424206,MEDIUM,REDUCE_CLUTTER,False,"{'n_samples_window': 609, 'pupil_valid_frac': 0.8669950738916257}",0.8669950738916257,0.8669950738916257,36.0,609
ID01,dual,ID01_ET_0,10.0,20.0,0.5012097249375573,MEDIUM,REDUCE_CLUTTER,False,"{'n_samples_window': 609, 'pupil_valid_frac': 0.8522167487684729}",0.8522167487684729,0.8522167487684729,36.0,609
ID01,dual,ID01_ET_0,11.0,21.0,0.5024162222937626,MEDIUM,REDUCE_CLUTTER,False,"{'n_samples_window': 609, 'pupil_valid_frac': 0.8653530377668309}",0.8653530377668309,0.8653530377668309,36.0,609
ID01,dual,ID01_ET_0,12.0,22.0,0.47967399370659997,MEDIUM,REDUCE_CLUTTER,False,"{'n_samples_window': 609, 'pupil_valid_frac': 0.8522167487684729}",0.8522167487684729,0.8522167487684729,36.0,609
ID01,dual,ID01_ET_0,13.0,23.0,0.4792071517999032,MEDIUM,REDUCE_CLUTTER,False,"{'n_samples_window': 609, 'pupil_valid_frac': 0.8784893267651889}",0.8784893267651889,0.8784893267651889,36.0,609
ID01,dual,ID01_ET_0,14.0,24.0,0.4773938806795629,MEDIUM,REDUCE_CLUTTER,False,"{'n_samples_window': 608, 'pupil_valid_frac': 0.8782894736842105}",0.8782894736842105,0.8782894736842105,30.0,608
ID01,dual,ID01_ET_0,15.0,25.0,0.48065082823620003,MEDIUM,REDUCE_CLUTTER,False,"{'n_samples_window': 608, 'pupil_valid_frac': 0.8782894736842105}",0.8782894736842105,0.8782894736842105,30.0,608
ID01,dual,ID01_ET_0,16.0,26.0,0.47775914894266125,MEDIUM,REDUCE_CLUTTER,False,"{'n_samples_window': 609, 'pupil_valid_frac': 0.8817733990147784}",0.8817733990147784,0.8817733990147784,30.0,609
ID01,dual,ID01_ET_0,17.0,27.0,0.48639451975951586,MEDIUM,REDUCE_CLUTTER,False,"{'n_samples_window': 609, 'pupil_valid_frac': 0.8998357963875205}",0.8998357963875205,0.8998357963875205,24.0,609
ID01,dual,ID01_ET_0,18.0,28.0,0.5125192231489829,MEDIUM,REDUCE_CLUTTER,False,"{'n_samples_window': 609, 'pupil_valid_frac': 0.8998357963875205}",0.8998357963875205,0.8998357963875205,24.0,609
ID01,dual,ID01_ET_0,19.0,29.0,0.4987293192031928,MEDIUM,REDUCE_CLUTTER,False,"{'n_samples_window': 609, 'pupil_valid_frac': 0.9080459770114943}",0.9080459770114943,0.9080459770114943,24.0,609
ID01,dual,ID01_ET_0,20.0,30.0,0.4891177056718931,MEDIUM,REDUCE_CLUTTER,False,"{'n_samples_window': 609, 'pupil_valid_frac': 0.8949096880131363}",0.8949096880131363,0.8949096880131363,24.0,609
ID01,dual,ID01_ET_0,21.0,31.0,0.4825693959344418,MEDIUM,REDUCE_CLUTTER,False,"{'n_samples_window': 608, 'pupil_valid_frac': 0.8947368421052632}",0.8947368421052632,0.8947368421052632,24.0,608
ID01,dual,ID01_ET_0,22.0,32.0,0.47618208461077804,MEDIUM,REDUCE_CLUTTER,False,"{'n_samples_window': 608, 'pupil_valid_frac': 0.8898026315789473}",0.8898026315789473,0.8898026315789473,24.0,608
ID01,dual,ID01_ET_0,23.0,33.0,0.4727903975219682,MEDIUM,REDUCE_CLUTTER,False,"{'n_samples_window': 608, 'pupil_valid_frac': 0.8898026315789473}",0.8898026315789473,0.8898026315789473,24.0,608
ID01,dual,ID01_ET_0,24.0,34.0,0.47378418112644544,MEDIUM,REDUCE_CLUTTER,False,"{'n_samples_window': 609, 'pupil_valid_frac': 0.9047619047619048}",0.9047619047619048,0.9047619047619048,24.0,609
ID01,dual,ID01_ET_0,25.0,35.0,0.4679041108083125,MEDIUM,REDUCE_CLUTTER,False,"{'n_samples_window': 609, 'pupil_valid_frac': 0.8916256157635468}",0.8916256157635468,0.8916256157635468,24.0,609
ID01,dual,ID01_ET_0,26.0,36.0,0.4671477478674563,MEDIUM,REDUCE_CLUTTER,False,"{'n_samples_window': 609, 'pupil_valid_frac': 0.9129720853858785}",0.9129720853858785,0.9129720853858785,24.0,609
ID01,dual,ID01_ET_0,27.0,37.0,0.46530411016258266,MEDIUM,REDUCE_CLUTTER,False,"{'n_samples_window': 609, 'pupil_valid_frac': 0.9178981937602627}",0.9178981937602627,0.9178981937602627,18.0,609
ID01,dual,ID01_ET_0,28.0,38.0,0.4536251889874614,MEDIUM,REDUCE_CLUTTER,False,"{'n_samples_window': 609, 'pupil_valid_frac': 0.8899835796387521}",0.8899835796387521,0.8899835796387521,24.0,609
ID01,dual,ID01_ET_0,29.0,39.0,0.45865263762322256,MEDIUM,REDUCE_CLUTTER,False,"{'n_samples_window': 608, 'pupil_valid_frac': 0.8898026315789473}",0.8898026315789473,0.8898026315789473,24.0,608
ID01,dual,ID01_ET_0,30.0,40.0,0.4598218976291659,MEDIUM,REDUCE_CLUTTER,False,"{'n_samples_window': 608, 'pupil_valid_frac': 0.9029605263157895}",0.9029605263157895,0.9029605263157895,24.0,608
ID01,dual,ID01_ET_0,31.0,41.0,0.4569733545141255,MEDIUM,REDUCE_CLUTTER,False,"{'n_samples_window': 609, 'pupil_valid_frac': 0.8883415435139573}",0.8883415435139573,0.8883415435139573,24.0,609
ID01,dual,ID01_ET_0,32.0,42.0,0.459372136629945,MEDIUM,REDUCE_CLUTTER,False,"{'n_samples_window': 609, 'pupil_valid_frac': 0.9178981937602627}",0.9178981937602627,0.9178981937602627,18.0,609
ID01,dual,ID01_ET_0,33.0,43.0,0.4536248012986439,MEDIUM,REDUCE_CLUTTER,False,"{'n_samples_window': 609, 'pupil_valid_frac': 0.8883415435139573}",0.8883415435139573,0.8883415435139573,24.0,609
ID01,dual,ID01_ET_0,34.0,44.0,0.4631857927909756,MEDIUM,REDUCE_CLUTTER,False,"{'n_samples_window': 609, 'pupil_valid_frac': 0.8998357963875205}",0.8998357963875205,0.8998357963875205,24.0,609
ID01,dual,ID01_ET_0,35.0,45.0,0.4617708805284526,MEDIUM,REDUCE_CLUTTER,False,"{'n_samples_window': 609, 'pupil_valid_frac': 0.9129720853858785}",0.9129720853858785,0.9129720853858785,18.0,609
ID01,dual,ID01_ET_0,36.0,46.0,0.4536432614574025,MEDIUM,REDUCE_CLUTTER,False,"{'n_samples_window': 609, 'pupil_valid_frac': 0.8883415435139573}",0.8883415435139573,0.8883415435139573,24.0,609
ID01,dual,ID01_ET_0,37.0,47.0,0.45045767411788934,MEDIUM,REDUCE_CLUTTER,False,"{'n_samples_window': 608, 'pupil_valid_frac': 0.8881578947368421}",0.8881578947368421,0.8881578947368421,24.0,608
ID01,dual,ID01_ET_0,38.0,48.0,0.44830143324862026,MEDIUM,REDUCE_CLUTTER,False,"{'n_samples_window': 608, 'pupil_valid_frac': 0.90625}",0.90625,0.90625,24.0,608
ID01,dual,ID01_ET_0,39.0,49.0,0.4466473435726812,MEDIUM,REDUCE_CLUTTER,False,"{'n_samples_window': 609, 'pupil_valid_frac': 0.8883415435139573}",0.8883415435139573,0.8883415435139573,24.0,609
ID01,dual,ID01_ET_0,40.0,50.0,0.4498710997694233,MEDIUM,REDUCE_CLUTTER,False,"{'n_samples_window': 609, 'pupil_valid_frac': 0.90311986863711}",0.90311986863711,0.90311986863711,24.0,609
ID01,dual,ID01_ET_0,41.0,51.0,0.452785371119296,MEDIUM,REDUCE_CLUTTER,False,"{'n_samples_window': 609, 'pupil_valid_frac': 0.9178981937602627}",0.9178981937602627,0.9178981937602627,18.0,609
ID01,dual,ID01_ET_0,42.0,52.0,0.4509838004684686,MEDIUM,REDUCE_CLUTTER,False,"{'n_samples_window': 609, 'pupil_valid_frac': 0.9178981937602627}",0.9178981937602627,0.9178981937602627,18.0,609
ID01,dual,ID01_ET_0,43.0,53.0,0.4400776220546874,MEDIUM,REDUCE_CLUTTER,False,"{'n_samples_window': 609, 'pupil_valid_frac': 0.922824302134647}",0.922824302134647,0.922824302134647,18.0,609
ID01,dual,ID01_ET_0,44.0,54.0,0.44817819334966746,MEDIUM,REDUCE_CLUTTER,False,"{'n_samples_window': 609, 'pupil_valid_frac': 0.922824302134647}",0.922824302134647,0.922824302134647,18.0,609
ID01,dual,ID01_ET_0,45.0,55.0,0.4624093029007802,MEDIUM,REDUCE_CLUTTER,False,"{'n_samples_window': 608, 'pupil_valid_frac': 0.899671052631579}",0.899671052631579,0.899671052631579,24.0,608
ID01,dual,ID01_ET_0,46.0,56.0,0.4805364714877006,MEDIUM,REDUCE_CLUTTER,False,"{'n_samples_window': 608, 'pupil_valid_frac': 0.8963815789473685}",0.8963815789473685,0.8963815789473685,24.0,608
ID01,dual,ID01_ET_0,47.0,57.0,0.48133720595671015,MEDIUM,REDUCE_CLUTTER,False,"{'n_samples_window': 609, 'pupil_valid_frac': 0.896551724137931}",0.896551724137931,0.896551724137931,24.0,609
ID01,dual,ID01_ET_0,48.0,58.0,0.48316020973434587,MEDIUM,REDUCE_CLUTTER,False,"{'n_samples_window': 609, 'pupil_valid_frac': 0.9064039408866995}",0.9064039408866995,0.9064039408866995,24.0,609
ID01,dual,ID01_ET_0,49.0,59.0,0.48310855493696864,MEDIUM,REDUCE_CLUTTER,False,"{'n_samples_window': 609, 'pupil_valid_frac': 0.896551724137931}",0.896551724137931,0.896551724137931,24.0,609
ID01,dual,ID01_ET_0,50.0,60.0,0.4801878309415292,MEDIUM,REDUCE_CLUTTER,False,"{'n_samples_window': 609, 'pupil_valid_frac': 0.896551724137931}",0.896551724137931,0.896551724137931,24.0,609
ID01,dual,ID01_ET_0,51.0,61.0,0.47271915930354774,MEDIUM,REDUCE_CLUTTER,False,"{'n_samples_window': 609, 'pupil_valid_frac': 0.8456486042692939}",0.8456486042692939,0.8456486042692939,36.0,609
ID01,dual,ID01_ET_0,52.0,62.0,0.4715730166110254,MEDIUM,REDUCE_CLUTTER,False,"{'n_samples_window': 608, 'pupil_valid_frac': 0.8453947368421053}",0.8453947368421053,0.8453947368421053,36.0,608
ID01,dual,ID01_ET_0,53.0,63.0,0.4695926433459622,MEDIUM,REDUCE_CLUTTER,False,"{'n_samples_window': 608, 'pupil_valid_frac': 0.8700657894736842}",0.8700657894736842,0.8700657894736842,30.0,608
ID01,dual,ID01_ET_0,54.0,64.0,0.45401208959562495,MEDIUM,REDUCE_CLUTTER,False,"{'n_samples_window': 608, 'pupil_valid_frac': 0.84375}",0.84375,0.84375,36.0,608
ID01,dual,ID01_ET_0,55.0,65.0,0.45069756676427486,MEDIUM,REDUCE_CLUTTER,False,"{'n_samples_window': 609, 'pupil_valid_frac': 0.8669950738916257}",0.8669950738916257,0.8669950738916257,30.0,609
ID01,dual,ID01_ET_0,56.0,66.0,0.44337389013391326,MEDIUM,REDUCE_CLUTTER,False,"{'n_samples_window': 609, 'pupil_valid_frac': 0.8949096880131363}",0.8949096880131363,0.8949096880131363,24.0,609
ID01,dual,ID01_ET_0,57.0,67.0,0.4328033060769303,MEDIUM,REDUCE_CLUTTER,False,"{'n_samples_window': 609, 'pupil_valid_frac': 0.8719211822660099}",0.8719211822660099,0.8719211822660099,30.0,609
ID01,dual,ID01_ET_0,58.0,68.0,0.44106316760211056,MEDIUM,REDUCE_CLUTTER,False,"{'n_samples_window': 609, 'pupil_valid_frac': 0.8653530377668309}",0.8653530377668309,0.8653530377668309,30.0,609
ID01,dual,ID01_ET_0,59.0,69.0,0.44459918766362255,MEDIUM,REDUCE_CLUTTER,False,"{'n_samples_window': 609, 'pupil_valid_frac': 0.8768472906403941}",0.8768472906403941,0.8768472906403941,30.0,609
ID01,dual,ID01_ET_0,60.0,70.0,0.44484617510761276,MEDIUM,REDUCE_CLUTTER,False,"{'n_samples_window': 608, 'pupil_valid_frac': 0.8601973684210527}",0.8601973684210527,0.8601973684210527,30.0,608
ID01,dual,ID01_ET_0,61.0,71.0,0.4475408975888916,MEDIUM,REDUCE_CLUTTER,False,"{'n_samples_window': 608, 'pupil_valid_frac': 0.9111842105263158}",0.9111842105263158,0.9111842105263158,18.0,608
ID01,dual,ID01_ET_0,62.0,72.0,0.4438619241950793,MEDIUM,REDUCE_CLUTTER,False,"{'n_samples_window': 609, 'pupil_valid_frac': 0.8866995073891626}",0.8866995073891626,0.8866995073891626,24.0,609
ID01,dual,ID01_ET_0,63.0,73.0,0.4400318452642477,MEDIUM,REDUCE_CLUTTER,False,"{'n_samples_window': 609, 'pupil_valid_frac': 0.8817733990147784}",0.8817733990147784,0.8817733990147784,24.0,609
ID01,dual,ID01_ET_0,64.0,74.0,0.44084992027505193,MEDIUM,REDUCE_CLUTTER,False,"{'n_samples_window': 609, 'pupil_valid_frac': 0.9080459770114943}",0.9080459770114943,0.9080459770114943,18.0,609
ID01,dual,ID01_ET_0,65.0,75.0,0.4432872263444258,MEDIUM,REDUCE_CLUTTER,False,"{'n_samples_window': 609, 'pupil_valid_frac': 0.8801313628899836}",0.8801313628899836,0.8801313628899836,24.0,609
ID01,dual,ID01_ET_0,66.0,76.0,0.4432371069220997,MEDIUM,REDUCE_CLUTTER,False,"{'n_samples_window': 609, 'pupil_valid_frac': 0.8801313628899836}",0.8801313628899836,0.8801313628899836,24.0,609
ID01,dual,ID01_ET_0,67.0,77.0,0.4417826127715118,MEDIUM,REDUCE_CLUTTER,False,"{'n_samples_window': 609, 'pupil_valid_frac': 0.90311986863711}",0.90311986863711,0.90311986863711,24.0,609
ID01,dual,ID01_ET_0,68.0,78.0,0.4341429808210818,MEDIUM,REDUCE_CLUTTER,False,"{'n_samples_window': 608, 'pupil_valid_frac': 0.8782894736842105}",0.8782894736842105,0.8782894736842105,24.0,608
ID01,dual,ID01_ET_0,69.0,79.0,0.44041250411612076,MEDIUM,REDUCE_CLUTTER,False,"{'n_samples_window': 608, 'pupil_valid_frac': 0.8947368421052632}",0.8947368421052632,0.8947368421052632,24.0,608
ID01,dual,ID01_ET_0,70.0,80.0,0.4388722063558735,MEDIUM,REDUCE_CLUTTER,False,"{'n_samples_window': 609, 'pupil_valid_frac': 0.8801313628899836}",0.8801313628899836,0.8801313628899836,24.0,609
ID01,dual,ID01_ET_0,71.0,81.0,0.4432512319908562,MEDIUM,REDUCE_CLUTTER,False,"{'n_samples_window': 609, 'pupil_valid_frac': 0.8801313628899836}",0.8801313628899836,0.8801313628899836,24.0,609
ID01,dual,ID01_ET_0,72.0,82.0,0.44779401646692396,MEDIUM,REDUCE_CLUTTER,False,"{'n_samples_window': 609, 'pupil_valid_frac': 0.9047619047619048}",0.9047619047619048,0.9047619047619048,24.0,609
ID01,dual,ID01_ET_0,73.0,83.0,0.439167986773712,MEDIUM,REDUCE_CLUTTER,False,"{'n_samples_window': 609, 'pupil_valid_frac': 0.8801313628899836}",0.8801313628899836,0.8801313628899836,24.0,609
ID01,dual,ID01_ET_0,74.0,84.0,0.43700679936321457,MEDIUM,REDUCE_CLUTTER,False,"{'n_samples_window': 609, 'pupil_valid_frac': 0.8801313628899836}",0.8801313628899836,0.8801313628899836,24.0,609
ID01,dual,ID01_ET_0,75.0,85.0,0.42645132865136876,MEDIUM,REDUCE_CLUTTER,False,"{'n_samples_window': 608, 'pupil_valid_frac': 0.8651315789473685}",0.8651315789473685,0.8651315789473685,24.0,608
ID01,dual,ID01_ET_0,76.0,86.0,0.41993907743639525,MEDIUM,REDUCE_CLUTTER,False,"{'n_samples_window': 608, 'pupil_valid_frac': 0.8651315789473685}",0.8651315789473685,0.8651315789473685,24.0,608
ID01,dual,ID01_ET_0,77.0,87.0,0.4187621692836095,MEDIUM,REDUCE_CLUTTER,False,"{'n_samples_window': 608, 'pupil_valid_frac': 0.8651315789473685}",0.8651315789473685,0.8651315789473685,24.0,608
ID01,dual,ID01_ET_0,78.0,88.0,0.4129806076007428,MEDIUM,REDUCE_CLUTTER,False,"{'n_samples_window': 609, 'pupil_valid_frac': 0.8686371100164204}",0.8686371100164204,0.8686371100164204,24.0,609
ID01,dual,ID01_ET_0,79.0,89.0,0.41377487039644967,MEDIUM,REDUCE_CLUTTER,False,"{'n_samples_window': 609, 'pupil_valid_frac': 0.8686371100164204}",0.8686371100164204,0.8686371100164204,24.0,609
ID01,dual,ID01_ET_0,80.0,90.0,0.4236852866028097,MEDIUM,REDUCE_CLUTTER,False,"{'n_samples_window': 609, 'pupil_valid_frac': 0.8998357963875205}",0.8998357963875205,0.8998357963875205,18.0,609
ID01,dual,ID01_ET_0,81.0,91.0,0.427826420973795,MEDIUM,REDUCE_CLUTTER,False,"{'n_samples_window': 609, 'pupil_valid_frac': 0.8702791461412152}",0.8702791461412152,0.8702791461412152,24.0,609
ID01,dual,ID01_ET_0,82.0,92.0,0.43112164154980687,MEDIUM,REDUCE_CLUTTER,False,"{'n_samples_window': 609, 'pupil_valid_frac': 0.8702791461412152}",0.8702791461412152,0.8702791461412152,24.0,609
ID01,dual,ID01_ET_0,83.0,93.0,0.4359644089823465,MEDIUM,REDUCE_CLUTTER,False,"{'n_samples_window': 608, 'pupil_valid_frac': 0.8717105263157895}",0.8717105263157895,0.8717105263157895,24.0,608
ID01,dual,ID01_ET_0,84.0,94.0,0.4445446266221739,MEDIUM,REDUCE_CLUTTER,False,"{'n_samples_window': 608, 'pupil_valid_frac': 0.8717105263157895}",0.8717105263157895,0.8717105263157895,24.0,608
ID01,dual,ID01_ET_0,85.0,95.0,0.44857150688360675,MEDIUM,REDUCE_CLUTTER,False,"{'n_samples_window': 609, 'pupil_valid_frac': 0.9146141215106732}",0.9146141215106732,0.9146141215106732,18.0,609
ID01,dual,ID01_ET_0,86.0,96.0,0.4477331660181514,MEDIUM,REDUCE_CLUTTER,False,"{'n_samples_window': 609, 'pupil_valid_frac': 0.8866995073891626}",0.8866995073891626,0.8866995073891626,24.0,609
ID01,dual,ID01_ET_0,87.0,97.0,0.4408284390228697,MEDIUM,REDUCE_CLUTTER,False,"{'n_samples_window': 609, 'pupil_valid_frac': 0.8866995073891626}",0.8866995073891626,0.8866995073891626,24.0,609
ID01,dual,ID01_ET_0,88.0,98.0,0.44442466987656426,MEDIUM,REDUCE_CLUTTER,False,"{'n_samples_window': 609, 'pupil_valid_frac': 0.8883415435139573}",0.8883415435139573,0.8883415435139573,24.0,609
ID01,dual,ID01_ET_0,89.0,99.0,0.44144551598950565,MEDIUM,REDUCE_CLUTTER,False,"{'n_samples_window': 609, 'pupil_valid_frac': 0.8883415435139573}",0.8883415435139573,0.8883415435139573,24.0,609
ID01,dual,ID01_ET_0,90.0,100.0,0.44772468459588105,MEDIUM,REDUCE_CLUTTER,False,"{'n_samples_window': 609, 'pupil_valid_frac': 0.8883415435139573}",0.8883415435139573,0.8883415435139573,24.0,609
ID01,dual,ID01_ET_0,91.0,101.0,0.48533953489248677,MEDIUM,REDUCE_CLUTTER,False,"{'n_samples_window': 608, 'pupil_valid_frac': 0.9177631578947368}",0.9177631578947368,0.9177631578947368,18.0,608
ID01,dual,ID01_ET_0,92.0,102.0,0.4711622091067759,MEDIUM,REDUCE_CLUTTER,False,"{'n_samples_window': 608, 'pupil_valid_frac': 0.9177631578947368}",0.9177631578947368,0.9177631578947368,18.0,608
ID01,dual,ID01_ET_0,93.0,103.0,0.4654836166872466,MEDIUM,REDUCE_CLUTTER,False,"{'n_samples_window': 609, 'pupil_valid_frac': 0.9064039408866995}",0.9064039408866995,0.9064039408866995,18.0,609
ID01,dual,ID01_ET_0,94.0,104.0,0.45712243410596154,MEDIUM,REDUCE_CLUTTER,False,"{'n_samples_window': 609, 'pupil_valid_frac': 0.9064039408866995}",0.9064039408866995,0.9064039408866995,18.0,609
ID01,dual,ID01_ET_0,95.0,105.0,0.4573292859934871,MEDIUM,REDUCE_CLUTTER,False,"{'n_samples_window': 609, 'pupil_valid_frac': 0.9064039408866995}",0.9064039408866995,0.9064039408866995,18.0,609
ID01,dual,ID01_ET_0,96.0,106.0,0.45708175390486033,MEDIUM,REDUCE_CLUTTER,False,"{'n_samples_window': 609, 'pupil_valid_frac': 0.9343185550082101}",0.9343185550082101,0.9343185550082101,12.0,609
ID01,dual,ID01_ET_0,97.0,107.0,0.45960108797789173,MEDIUM,REDUCE_CLUTTER,False,"{'n_samples_window': 609, 'pupil_valid_frac': 0.9343185550082101}",0.9343185550082101,0.9343185550082101,12.0,609
ID01,dual,ID01_ET_0,98.0,108.0,0.45484735302475005,MEDIUM,REDUCE_CLUTTER,False,"{'n_samples_window': 609, 'pupil_valid_frac': 0.9605911330049262}",0.9605911330049262,0.9605911330049262,6.0,609
ID01,dual,ID01_ET_0,99.0,109.0,0.43580596230728696,MEDIUM,REDUCE_CLUTTER,False,"{'n_samples_window': 608, 'pupil_valid_frac': 0.9358552631578947}",0.9358552631578947,0.9358552631578947,12.0,608
ID01,dual,ID01_ET_0,100.0,110.0,0.4339677689199046,MEDIUM,REDUCE_CLUTTER,False,"{'n_samples_window': 608, 'pupil_valid_frac': 0.9358552631578947}",0.9358552631578947,0.9358552631578947,12.0,608
ID01,dual,ID01_ET_0,101.0,111.0,0.43626764051266975,MEDIUM,REDUCE_CLUTTER,False,"{'n_samples_window': 609, 'pupil_valid_frac': 0.9080459770114943}",0.9080459770114943,0.9080459770114943,18.0,609
ID01,dual,ID01_ET_0,102.0,112.0,0.43709942071480634,MEDIUM,REDUCE_CLUTTER,False,"{'n_samples_window': 609, 'pupil_valid_frac': 0.9080459770114943}",0.9080459770114943,0.9080459770114943,18.0,609
ID01,dual,ID01_ET_0,103.0,113.0,0.43978341876815,MEDIUM,REDUCE_CLUTTER,False,"{'n_samples_window': 609, 'pupil_valid_frac': 0.9474548440065681}",0.9474548440065681,0.9474548440065681,12.0,609
ID01,dual,ID01_ET_0,104.0,114.0,0.43998727747107097,MEDIUM,REDUCE_CLUTTER,False,"{'n_samples_window': 609, 'pupil_valid_frac': 0.9211822660098522}",0.9211822660098522,0.9211822660098522,18.0,609
ID01,dual,ID01_ET_0,105.0,115.0,0.44002692187853765,MEDIUM,REDUCE_CLUTTER,False,"{'n_samples_window': 609, 'pupil_valid_frac': 0.9211822660098522}",0.9211822660098522,0.9211822660098522,18.0,609
ID01,dual,ID01_ET_0,106.0,116.0,0.4421216864026624,MEDIUM,REDUCE_CLUTTER,False,"{'n_samples_window': 608, 'pupil_valid_frac': 0.9210526315789473}",0.9210526315789473,0.9210526315789473,18.0,608
ID01,dual,ID01_ET_0,107.0,117.0,0.4468232308675543,MEDIUM,REDUCE_CLUTTER,False,"{'n_samples_window': 608, 'pupil_valid_frac': 0.9210526315789473}",0.9210526315789473,0.9210526315789473,18.0,608
ID01,dual,ID01_ET_0,108.0,118.0,0.45075113118908433,MEDIUM,REDUCE_CLUTTER,False,"{'n_samples_window': 608, 'pupil_valid_frac': 0.9210526315789473}",0.9210526315789473,0.9210526315789473,18.0,608
ID01,dual,ID01_ET_0,109.0,119.0,0.45721162655783454,MEDIUM,REDUCE_CLUTTER,False,"{'n_samples_window': 609, 'pupil_valid_frac': 0.9211822660098522}",0.9211822660098522,0.9211822660098522,18.0,609
ID01,dual,ID01_ET_0,110.0,120.0,0.4538243114025888,MEDIUM,REDUCE_CLUTTER,False,"{'n_samples_window': 609, 'pupil_valid_frac': 0.896551724137931}",0.896551724137931,0.896551724137931,24.0,609
ID01,dual,ID01_ET_0,111.0,121.0,0.44844428874893183,MEDIUM,REDUCE_CLUTTER,False,"{'n_samples_window': 609, 'pupil_valid_frac': 0.9064039408866995}",0.9064039408866995,0.9064039408866995,24.0,609
ID01,dual,ID01_ET_0,112.0,122.0,0.43969647998916933,MEDIUM,REDUCE_CLUTTER,False,"{'n_samples_window': 609, 'pupil_valid_frac': 0.8850574712643678}",0.8850574712643678,0.8850574712643678,30.0,609
ID01,dual,ID01_ET_0,113.0,123.0,0.44546565905443763,MEDIUM,REDUCE_CLUTTER,False,"{'n_samples_window': 609, 'pupil_valid_frac': 0.8653530377668309}",0.8653530377668309,0.8653530377668309,30.0,609
ID01,dual,ID01_ET_0,114.0,124.0,0.44250439600197256,MEDIUM,REDUCE_CLUTTER,False,"{'n_samples_window': 608, 'pupil_valid_frac': 0.8667763157894737}",0.8667763157894737,0.8667763157894737,30.0,608
ID01,dual,ID01_ET_0,115.0,125.0,0.43669574933578875,MEDIUM,REDUCE_CLUTTER,False,"{'n_samples_window': 608, 'pupil_valid_frac': 0.8404605263157895}",0.8404605263157895,0.8404605263157895,36.0,608
ID01,dual,ID01_ET_0,116.0,126.0,0.4394221288995358,MEDIUM,REDUCE_CLUTTER,False,"{'n_samples_window': 609, 'pupil_valid_frac': 0.8407224958949097}",0.8407224958949097,0.8407224958949097,36.0,609
ID01,dual,ID01_ET_0,117.0,127.0,0.4369175955027918,MEDIUM,REDUCE_CLUTTER,False,"{'n_samples_window': 609, 'pupil_valid_frac': 0.8111658456486043}",0.8111658456486043,0.8111658456486043,42.0,609
ID01,dual,ID01_ET_0,118.0,128.0,0.4321084657655704,MEDIUM,REDUCE_CLUTTER,False,"{'n_samples_window': 609, 'pupil_valid_frac': 0.7832512315270936}",0.7832512315270936,0.7832512315270936,48.0,609
ID01,dual,ID01_ET_0,119.0,129.0,0.4259686431075804,MEDIUM,REDUCE_CLUTTER,False,"{'n_samples_window': 609, 'pupil_valid_frac': 0.8078817733990148}",0.8078817733990148,0.8078817733990148,42.0,609
ID01,dual,ID01_ET_0,120.0,130.0,0.42053542414444456,MEDIUM,REDUCE_CLUTTER,False,"{'n_samples_window': 609, 'pupil_valid_frac': 0.8029556650246306}",0.8029556650246306,0.8029556650246306,42.0,609
ID01,dual,ID01_ET_0,121.0,131.0,0.42559562675201207,MEDIUM,REDUCE_CLUTTER,False,"{'n_samples_window': 609, 'pupil_valid_frac': 0.8210180623973727}",0.8210180623973727,0.8210180623973727,42.0,609
ID01,dual,ID01_ET_0,122.0,132.0,0.4236702082643888,MEDIUM,REDUCE_CLUTTER,False,"{'n_samples_window': 608, 'pupil_valid_frac': 0.8125}",0.8125,0.8125,42.0,608
ID01,dual,ID01_ET_0,123.0,133.0,0.4220324935824159,MEDIUM,REDUCE_CLUTTER,False,"{'n_samples_window': 608, 'pupil_valid_frac': 0.8322368421052632}",0.8322368421052632,0.8322368421052632,36.0,608
ID01,dual,ID01_ET_0,124.0,134.0,0.42374893165114264,MEDIUM,REDUCE_CLUTTER,False,"{'n_samples_window': 609, 'pupil_valid_frac': 0.8357963875205254}",0.8357963875205254,0.8357963875205254,36.0,609
ID01,dual,ID01_ET_0,125.0,135.0,0.42715692721715065,MEDIUM,REDUCE_CLUTTER,False,"{'n_samples_window': 609, 'pupil_valid_frac': 0.8522167487684729}",0.8522167487684729,0.8522167487684729,30.0,609
ID01,dual,ID01_ET_0,126.0,136.0,0.4263081123749004,MEDIUM,REDUCE_CLUTTER,False,"{'n_samples_window': 609, 'pupil_valid_frac': 0.8522167487684729}",0.8522167487684729,0.8522167487684729,30.0,609
ID01,dual,ID01_ET_0,127.0,137.0,0.42447841425476573,MEDIUM,REDUCE_CLUTTER,False,"{'n_samples_window': 609, 'pupil_valid_frac': 0.8522167487684729}",0.8522167487684729,0.8522167487684729,30.0,609
ID01,dual,ID01_ET_0,128.0,138.0,0.42843992019200744,MEDIUM,REDUCE_CLUTTER,False,"{'n_samples_window': 609, 'pupil_valid_frac': 0.8801313628899836}",0.8801313628899836,0.8801313628899836,24.0,609
ID01,dual,ID01_ET_0,129.0,139.0,0.4201536775296416,MEDIUM,REDUCE_CLUTTER,False,"{'n_samples_window': 608, 'pupil_valid_frac': 0.8519736842105263}",0.8519736842105263,0.8519736842105263,30.0,608
ID01,dual,ID01_ET_0,130.0,140.0,0.4202524764791852,MEDIUM,REDUCE_CLUTTER,False,"{'n_samples_window': 608, 'pupil_valid_frac': 0.881578947368421}",0.881578947368421,0.881578947368421,24.0,608
ID01,dual,ID01_ET_0,131.0,141.0,0.4193297889549442,MEDIUM,REDUCE_CLUTTER,False,"{'n_samples_window': 608, 'pupil_valid_frac': 0.8519736842105263}",0.8519736842105263,0.8519736842105263,30.0,608
ID01,dual,ID01_ET_0,132.0,142.0,0.421766573587743,MEDIUM,REDUCE_CLUTTER,False,"{'n_samples_window': 609, 'pupil_valid_frac': 0.8522167487684729}",0.8522167487684729,0.8522167487684729,30.0,609
ID01,dual,ID01_ET_0,133.0,143.0,0.41525379967792925,MEDIUM,REDUCE_CLUTTER,False,"{'n_samples_window': 609, 'pupil_valid_frac': 0.8144499178981938}",0.8144499178981938,0.8144499178981938,36.0,609
ID01,dual,ID01_ET_0,134.0,144.0,0.42406778141259355,MEDIUM,REDUCE_CLUTTER,False,"{'n_samples_window': 609, 'pupil_valid_frac': 0.8308702791461412}",0.8308702791461412,0.8308702791461412,36.0,609
ID01,dual,ID01_ET_0,135.0,145.0,0.4361442188165707,MEDIUM,REDUCE_CLUTTER,False,"{'n_samples_window': 609, 'pupil_valid_frac': 0.8407224958949097}",0.8407224958949097,0.8407224958949097,30.0,609
ID01,dual,ID01_ET_0,136.0,146.0,0.43030618633045775,MEDIUM,REDUCE_CLUTTER,False,"{'n_samples_window': 609, 'pupil_valid_frac': 0.812807881773399}",0.812807881773399,0.812807881773399,36.0,609
ID01,dual,ID01_ET_0,137.0,147.0,0.43377543950400493,MEDIUM,REDUCE_CLUTTER,False,"{'n_samples_window': 608, 'pupil_valid_frac': 0.8421052631578947}",0.8421052631578947,0.8421052631578947,30.0,608
ID01,dual,ID01_ET_0,138.0,148.0,0.434673509335319,MEDIUM,REDUCE_CLUTTER,False,"{'n_samples_window': 608, 'pupil_valid_frac': 0.8421052631578947}",0.8421052631578947,0.8421052631578947,30.0,608
ID01,dual,ID01_ET_0,139.0,149.0,0.43583736714343735,MEDIUM,REDUCE_CLUTTER,False,"{'n_samples_window': 609, 'pupil_valid_frac': 0.8407224958949097}",0.8407224958949097,0.8407224958949097,30.0,609
ID01,dual,ID01_ET_0,140.0,150.0,0.4315652361636934,MEDIUM,REDUCE_CLUTTER,False,"{'n_samples_window': 609, 'pupil_valid_frac': 0.8407224958949097}",0.8407224958949097,0.8407224958949097,30.0,609
ID01,dual,ID01_ET_0,141.0,151.0,0.43095901771897344,MEDIUM,REDUCE_CLUTTER,False,"{'n_samples_window': 609, 'pupil_valid_frac': 0.8702791461412152}",0.8702791461412152,0.8702791461412152,24.0,609
ID01,dual,ID01_ET_0,142.0,152.0,0.451877782668559,MEDIUM,REDUCE_CLUTTER,False,"{'n_samples_window': 609, 'pupil_valid_frac': 0.8998357963875205}",0.8998357963875205,0.8998357963875205,18.0,609
ID01,dual,ID01_ET_0,143.0,153.0,0.4496188043403094,MEDIUM,REDUCE_CLUTTER,False,"{'n_samples_window': 609, 'pupil_valid_frac': 0.9326765188834154}",0.9326765188834154,0.9326765188834154,24.0,609
ID01,dual,ID01_ET_0,144.0,154.0,0.45040703246505437,MEDIUM,REDUCE_CLUTTER,False,"{'n_samples_window': 609, 'pupil_valid_frac': 0.916256157635468}",0.916256157635468,0.916256157635468,18.0,609
ID01,dual,ID01_ET_0,145.0,155.0,0.4465313764015088,MEDIUM,REDUCE_CLUTTER,False,"{'n_samples_window': 608, 'pupil_valid_frac': 0.9161184210526315}",0.9161184210526315,0.9161184210526315,18.0,608
ID01,dual,ID01_ET_0,146.0,156.0,0.4537378861528774,MEDIUM,REDUCE_CLUTTER,False,"{'n_samples_window': 608, 'pupil_valid_frac': 0.944078947368421}",0.944078947368421,0.944078947368421,12.0,608
ID01,dual,ID01_ET_0,147.0,157.0,0.45345813197673185,MEDIUM,REDUCE_CLUTTER,False,"{'n_samples_window': 609, 'pupil_valid_frac': 0.9441707717569786}",0.9441707717569786,0.9441707717569786,12.0,609
ID01,dual,ID01_ET_0,148.0,158.0,0.4460533141244382,MEDIUM,REDUCE_CLUTTER,False,"{'n_samples_window': 609, 'pupil_valid_frac': 0.9178981937602627}",0.9178981937602627,0.9178981937602627,18.0,609
ID01,dual,ID01_ET_0,149.0,159.0,0.437802683053285,MEDIUM,REDUCE_CLUTTER,False,"{'n_samples_window': 609, 'pupil_valid_frac': 0.9408866995073891}",0.9408866995073891,0.9408866995073891,12.0,609
ID01,dual,ID01_ET_0,150.0,160.0,0.4396560524018243,MEDIUM,REDUCE_CLUTTER,False,"{'n_samples_window': 609, 'pupil_valid_frac': 0.9408866995073891}",0.9408866995073891,0.9408866995073891,12.0,609
ID01,dual,ID01_ET_0,151.0,161.0,0.4401538374584275,MEDIUM,REDUCE_CLUTTER,False,"{'n_samples_window': 609, 'pupil_valid_frac': 0.9064039408866995}",0.9064039408866995,0.9064039408866995,18.0,609
ID01,dual,ID01_ET_0,152.0,162.0,0.43462825496693225,MEDIUM,REDUCE_CLUTTER,False,"{'n_samples_window': 609, 'pupil_valid_frac': 0.9064039408866995}",0.9064039408866995,0.9064039408866995,18.0,609
ID01,dual,ID01_ET_0,153.0,163.0,0.4330897108898604,MEDIUM,REDUCE_CLUTTER,False,"{'n_samples_window': 608, 'pupil_valid_frac': 0.9111842105263158}",0.9111842105263158,0.9111842105263158,18.0,608
ID01,dual,ID01_ET_0,154.0,164.0,0.438484372470734,MEDIUM,REDUCE_CLUTTER,False,"{'n_samples_window': 608, 'pupil_valid_frac': 0.9046052631578947}",0.9046052631578947,0.9046052631578947,18.0,608
ID01,dual,ID01_ET_0,155.0,165.0,0.4500547304611083,MEDIUM,REDUCE_CLUTTER,False,"{'n_samples_window': 609, 'pupil_valid_frac': 0.9047619047619048}",0.9047619047619048,0.9047619047619048,18.0,609
ID01,dual,ID01_ET_0,156.0,166.0,0.443832742163612,MEDIUM,REDUCE_CLUTTER,False,"{'n_samples_window': 609, 'pupil_valid_frac': 0.8719211822660099}",0.8719211822660099,0.8719211822660099,24.0,609
ID01,dual,ID01_ET_0,157.0,167.0,0.43444958936053346,MEDIUM,REDUCE_CLUTTER,False,"{'n_samples_window': 609, 'pupil_valid_frac': 0.8440065681444991}",0.8440065681444991,0.8440065681444991,30.0,609
ID01,dual,ID01_ET_0,158.0,168.0,0.4320619015540727,MEDIUM,REDUCE_CLUTTER,False,"{'n_samples_window': 609, 'pupil_valid_frac': 0.8702791461412152}",0.8702791461412152,0.8702791461412152,30.0,609
ID01,dual,ID01_ET_0,159.0,169.0,0.4263137475905835,MEDIUM,REDUCE_CLUTTER,False,"{'n_samples_window': 609, 'pupil_valid_frac': 0.8472906403940886}",0.8472906403940886,0.8472906403940886,30.0,609
ID01,dual,ID01_ET_0,160.0,170.0,0.4207272449053164,MEDIUM,REDUCE_CLUTTER,False,"{'n_samples_window': 608, 'pupil_valid_frac': 0.8125}",0.8125,0.8125,36.0,608
ID01,dual,ID01_ET_0,161.0,171.0,0.422977098477092,MEDIUM,REDUCE_CLUTTER,False,"{'n_samples_window': 608, 'pupil_valid_frac': 0.8421052631578947}",0.8421052631578947,0.8421052631578947,36.0,608
ID01,dual,ID01_ET_0,162.0,172.0,0.42541458328743104,MEDIUM,REDUCE_CLUTTER,False,"{'n_samples_window': 608, 'pupil_valid_frac': 0.8174342105263158}",0.8174342105263158,0.8174342105263158,36.0,608
ID01,dual,ID01_ET_0,163.0,173.0,0.43787607501499676,MEDIUM,REDUCE_CLUTTER,False,"{'n_samples_window': 609, 'pupil_valid_frac': 0.8144499178981938}",0.8144499178981938,0.8144499178981938,36.0,609
ID01,dual,ID01_ET_0,164.0,174.0,0.4302504639446764,MEDIUM,REDUCE_CLUTTER,False,"{'n_samples_window': 609, 'pupil_valid_frac': 0.80623973727422}",0.80623973727422,0.80623973727422,42.0,609
ID01,dual,ID01_ET_0,165.0,175.0,0.4152477771668633,MEDIUM,REDUCE_CLUTTER,False,"{'n_samples_window': 609, 'pupil_valid_frac': 0.7865353037766831}",0.7865353037766831,0.7865353037766831,42.0,609
ID01,dual,ID01_ET_0,166.0,176.0,0.4130152667232937,MEDIUM,REDUCE_CLUTTER,False,"{'n_samples_window': 609, 'pupil_valid_frac': 0.819376026272578}",0.819376026272578,0.819376026272578,36.0,609
ID01,dual,ID01_ET_0,167.0,177.0,0.416986150377062,MEDIUM,REDUCE_CLUTTER,False,"{'n_samples_window': 609, 'pupil_valid_frac': 0.8177339901477833}",0.8177339901477833,0.8177339901477833,36.0,609
ID01,dual,ID01_ET_0,168.0,178.0,0.42232222117368556,MEDIUM,REDUCE_CLUTTER,False,"{'n_samples_window': 608, 'pupil_valid_frac': 0.787828947368421}",0.787828947368421,0.787828947368421,42.0,608
ID01,dual,ID01_ET_0,169.0,179.0,0.4416133240084701,MEDIUM,REDUCE_CLUTTER,False,"{'n_samples_window': 608, 'pupil_valid_frac': 0.8174342105263158}",0.8174342105263158,0.8174342105263158,36.0,608
ID01,dual,ID01_ET_0,170.0,180.0,0.443897630514882,MEDIUM,REDUCE_CLUTTER,False,"{'n_samples_window': 609, 'pupil_valid_frac': 0.8522167487684729}",0.8522167487684729,0.8522167487684729,30.0,609
ID01,dual,ID01_ET_0,171.0,181.0,0.44533867786177483,MEDIUM,REDUCE_CLUTTER,False,"{'n_samples_window': 609, 'pupil_valid_frac': 0.8571428571428571}",0.8571428571428571,0.8571428571428571,30.0,609
ID01,dual,ID01_ET_0,172.0,182.0,0.45129698936649437,MEDIUM,REDUCE_CLUTTER,False,"{'n_samples_window': 609, 'pupil_valid_frac': 0.8456486042692939}",0.8456486042692939,0.8456486042692939,30.0,609
ID01,dual,ID01_ET_0,173.0,183.0,0.4518936120421227,MEDIUM,REDUCE_CLUTTER,False,"{'n_samples_window': 609, 'pupil_valid_frac': 0.819376026272578}",0.819376026272578,0.819376026272578,30.0,609
ID01,dual,ID01_ET_0,174.0,184.0,0.443027758998104,MEDIUM,REDUCE_CLUTTER,False,"{'n_samples_window': 609, 'pupil_valid_frac': 0.8505747126436781}",0.8505747126436781,0.8505747126436781,30.0,609
ID01,dual,ID01_ET_0,175.0,185.0,0.4444468493386734,MEDIUM,REDUCE_CLUTTER,False,"{'n_samples_window': 609, 'pupil_valid_frac': 0.8407224958949097}",0.8407224958949097,0.8407224958949097,24.0,609
ID01,dual,ID01_ET_0,176.0,186.0,0.4452547540825764,MEDIUM,REDUCE_CLUTTER,False,"{'n_samples_window': 608, 'pupil_valid_frac': 0.8404605263157895}",0.8404605263157895,0.8404605263157895,24.0,608
ID01,dual,ID01_ET_0,177.0,187.0,0.4412303308581446,MEDIUM,REDUCE_CLUTTER,False,"{'n_samples_window': 608, 'pupil_valid_frac': 0.8388157894736842}",0.8388157894736842,0.8388157894736842,24.0,608
ID01,dual,ID01_ET_0,178.0,188.0,0.4470154447930305,MEDIUM,REDUCE_CLUTTER,False,"{'n_samples_window': 609, 'pupil_valid_frac': 0.8686371100164204}",0.8686371100164204,0.8686371100164204,18.0,609
ID01,dual,ID01_ET_0,179.0,189.0,0.427007867392095,MEDIUM,REDUCE_CLUTTER,False,"{'n_samples_window': 609, 'pupil_valid_frac': 0.8686371100164204}",0.8686371100164204,0.8686371100164204,18.0,609
ID01,dual,ID01_ET_0,180.0,190.0,0.4110298074400373,MEDIUM,REDUCE_CLUTTER,False,"{'n_samples_window': 609, 'pupil_valid_frac': 0.8522167487684729}",0.8522167487684729,0.8522167487684729,24.0,609
ID01,dual,ID01_ET_0,181.0,191.0,0.40695155418987095,MEDIUM,REDUCE_CLUTTER,False,"{'n_samples_window': 609, 'pupil_valid_frac': 0.8341543513957307}",0.8341543513957307,0.8341543513957307,24.0,609
ID01,dual,ID01_ET_0,182.0,192.0,0.4059067605409607,MEDIUM,REDUCE_CLUTTER,False,"{'n_samples_window': 609, 'pupil_valid_frac': 0.8374384236453202}",0.8374384236453202,0.8374384236453202,24.0,609
ID01,dual,ID01_ET_0,183.0,193.0,0.41208208307979566,MEDIUM,REDUCE_CLUTTER,False,"{'n_samples_window': 609, 'pupil_valid_frac': 0.8669950738916257}",0.8669950738916257,0.8669950738916257,24.0,609
ID01,dual,ID01_ET_0,184.0,194.0,0.41400839014324015,MEDIUM,REDUCE_CLUTTER,False,"{'n_samples_window': 608, 'pupil_valid_frac': 0.84375}",0.84375,0.84375,30.0,608
ID01,dual,ID01_ET_0,185.0,195.0,0.4277352060766635,MEDIUM,REDUCE_CLUTTER,False,"{'n_samples_window': 608, 'pupil_valid_frac': 0.8733552631578947}",0.8733552631578947,0.8733552631578947,24.0,608
ID01,dual,ID01_ET_0,186.0,196.0,0.43828371625985985,MEDIUM,REDUCE_CLUTTER,False,"{'n_samples_window': 609, 'pupil_valid_frac': 0.8735632183908046}",0.8735632183908046,0.8735632183908046,24.0,609
ID01,dual,ID01_ET_0,187.0,197.0,0.43304830054342125,MEDIUM,REDUCE_CLUTTER,False,"{'n_samples_window': 609, 'pupil_valid_frac': 0.812807881773399}",0.812807881773399,0.8078817733990148,24.0,609
ID01,dual,ID01_ET_0,188.0,198.0,0.42183870569615106,MEDIUM,REDUCE_CLUTTER,False,"{'n_samples_window': 609, 'pupil_valid_frac': 0.7126436781609196}",0.7126436781609196,0.7077175697865353,24.0,609
ID01,dual,ID01_ET_0,189.0,199.0,0.41265202345356616,MEDIUM,REDUCE_CLUTTER,False,"{'n_samples_window': 609, 'pupil_valid_frac': 0.6124794745484401}",0.6124794745484401,0.6075533661740559,24.0,609
ID01,dual,ID01_ET_0,190.0,200.0,0.4035212789642304,MEDIUM,REDUCE_CLUTTER,False,"{'n_samples_window': 609, 'pupil_valid_frac': 0.5287356321839081}",0.5287356321839081,0.5238095238095238,24.0,609
ID01,dual,ID01_ET_0,191.0,201.0,0.427295902913034,MEDIUM,REDUCE_CLUTTER,False,"{'n_samples_window': 608, 'pupil_valid_frac': 0.47039473684210525}",0.47039473684210525,0.4654605263157895,18.0,608
